2026-01-07 07:20:23,582 - Knowledge - INFO - Created shared MongoDB connection pool
2026-01-07 07:20:23,884 - Knowledge - INFO - Starting Knowledge Graph processing with 20 threads
2026-01-07 07:20:24,026 - Knowledge - INFO - Initial configuration: chunk_size=65536, max_cache_size=500
2026-01-07 07:20:24,182 - Knowledge - INFO - Knowledge Graph concurrency configuration: workers=20, max_batch_size=10, max_concurrent_llm_calls=50
2026-01-07 07:20:25,738 - Knowledge - INFO - 🔍 _load_persisted_knowledge called - checking for Redis optimization
2026-01-07 07:20:25,915 - Knowledge - WARNING - ❌ load_from_redis method not found - Redis support not attached
2026-01-07 07:20:26,078 - Knowledge - INFO - load persisted knowledge: begin
2026-01-07 07:20:26,231 - Knowledge - INFO - Loaded 0 files from persisted knowledge
2026-01-07 07:20:26,452 - Knowledge - INFO - load persisted knowledge: end
2026-01-07 07:20:26,610 - Knowledge - WARNING - No persisted knowledge found. Files will be queued during start()
2026-01-07 07:20:26,798 - Knowledge - INFO - Redis support added with prefix knowledge:b3014f1:
2026-01-07 07:20:27,385 - Knowledge - INFO - Starting knowledge initialization for ID: Je8FRp-b3014f1
2026-01-07 07:20:27,524 - Knowledge - INFO - 🔍 Checking Redis for build_id: b3014f1
2026-01-07 07:20:27,689 - Knowledge - INFO - 🔍 Full session ID: Je8FRp-b3014f1
2026-01-07 07:20:27,831 - Knowledge - INFO - 🔍 Redis prefix will be: knowledge:b3014f1:
2026-01-07 07:20:28,001 - Knowledge - INFO - 🔍 Using attached load_from_redis() method
2026-01-07 07:20:28,181 - Knowledge - INFO - 🔍 Attempting to load knowledge from Redis...
2026-01-07 07:20:28,326 - Knowledge - INFO - 🔍 Using derived instance_id for Redis lookup: b3014f1
2026-01-07 07:20:28,507 - Knowledge - WARNING - ❌ No Redis cache found
2026-01-07 07:20:28,694 - Knowledge - INFO - 📁 Loading knowledge from disk...
2026-01-07 07:20:28,902 - Knowledge - INFO - load persisted docinfo: begin
2026-01-07 07:20:29,053 - Knowledge - INFO - load persisted docinfo: end
2026-01-07 07:20:29,261 - Knowledge - INFO - 🔍 _load_persisted_knowledge called - checking for Redis optimization
2026-01-07 07:20:29,404 - Knowledge - INFO - ✅ load_from_redis method found - attempting Redis load
2026-01-07 07:20:29,609 - Knowledge - INFO - 🔍 Attempting to load knowledge from Redis...
2026-01-07 07:20:29,830 - Knowledge - INFO - 🔍 Using derived instance_id for Redis lookup: b3014f1
2026-01-07 07:20:30,003 - Knowledge - WARNING - ❌ No Redis cache found
2026-01-07 07:20:30,219 - Knowledge - INFO - ❌ Redis load returned False - falling back to file loading
2026-01-07 07:20:30,366 - Knowledge - INFO - load persisted knowledge: begin
2026-01-07 07:20:30,519 - Knowledge - INFO - Loaded 0 files from persisted knowledge
2026-01-07 07:20:30,720 - Knowledge - INFO - load persisted knowledge: end
2026-01-07 07:20:30,884 - Knowledge - INFO - 📁 Disk load complete in 2.02s
2026-01-07 07:20:31,069 - Knowledge - INFO - Populating ingest queue with source files...
2026-01-07 07:20:31,468 - Knowledge - INFO - Added 146 files from /app/data/T0015/303308/b3014f1/internet-banking-ms-303308 to ingest queue
2026-01-07 07:20:31,621 - Knowledge - INFO - [WEBSOCKET] Sent: Type=progress_update, Size: 160, Duration: 0ms
2026-01-07 07:20:31,814 - Knowledge - INFO - Worker kw1 created using shared MongoDB connection pool
2026-01-07 07:20:31,996 - Knowledge - INFO - knowledge worker kw1 start
2026-01-07 07:20:31,996 - Knowledge - INFO - Worker kw2 created using shared MongoDB connection pool
2026-01-07 07:20:32,142 - Knowledge - INFO - [kw1] Queue=146, InProgress=0, PendingWorkers=0/1, Completed=0/146 (0.0%)
2026-01-07 07:20:32,218 - Knowledge - INFO - knowledge worker kw2 start
2026-01-07 07:20:32,218 - Knowledge - INFO - Worker kw3 created using shared MongoDB connection pool
2026-01-07 07:20:32,329 - Knowledge - INFO - Batch sizing: calculated=5, max_allowed=10, queue=146, active_workers=0/2
2026-01-07 07:20:32,446 - Knowledge - INFO - [kw2] Queue=146, InProgress=0, PendingWorkers=0/2, Completed=0/146 (0.0%)
2026-01-07 07:20:32,536 - Knowledge - INFO - knowledge worker kw3 start
2026-01-07 07:20:32,536 - Knowledge - INFO - Worker kw4 created using shared MongoDB connection pool
2026-01-07 07:20:32,603 - Knowledge - INFO - Worker kw1 processing /app/data/T0015/303308/b3014f1/internet-banking-ms-303308/internet-banking-service-registry/src/test/java/com/javatodev/finance/InternetBankingServiceRegistryApplicationTests.java
2026-01-07 07:20:32,684 - Knowledge - INFO - Batch sizing: calculated=5, max_allowed=10, queue=146, active_workers=1/3
2026-01-07 07:20:32,825 - Knowledge - INFO - [kw3] Queue=141, InProgress=0, PendingWorkers=1/3, Completed=0/146 (0.0%)
2026-01-07 07:20:32,905 - Knowledge - INFO - knowledge worker kw4 start
2026-01-07 07:20:32,906 - Knowledge - INFO - Worker kw5 created using shared MongoDB connection pool
2026-01-07 07:20:32,977 - Knowledge - INFO - Fast-tracked /app/data/T0015/303308/b3014f1/internet-banking-ms-303308/internet-banking-service-registry/src/test/java/com/javatodev/finance/InternetBankingServiceRegistryApplicationTests.java (ext=.java, size=246)
2026-01-07 07:20:33,054 - Knowledge - INFO - Worker kw2 processing /app/data/T0015/303308/b3014f1/internet-banking-ms-303308/internet-banking-fund-transfer-service/src/test/java/com/javatodev/finance/InternetBankingFundTransferServiceApplicationTests.java
2026-01-07 07:20:33,161 - Knowledge - INFO - Batch sizing: calculated=5, max_allowed=10, queue=141, active_workers=2/4
2026-01-07 07:20:33,239 - Knowledge - INFO - [kw4] Queue=136, InProgress=0, PendingWorkers=2/4, Completed=0/146 (0.0%)
2026-01-07 07:20:33,306 - Knowledge - INFO - knowledge worker kw5 start
2026-01-07 07:20:33,307 - Knowledge - INFO - Worker kw6 created using shared MongoDB connection pool
2026-01-07 07:20:33,371 - Knowledge - INFO - Worker kw1 processing /app/data/T0015/303308/b3014f1/internet-banking-ms-303308/internet-banking-service-registry/src/main/java/com/javatodev/finance/InternetBankingServiceRegistryApplication.java
2026-01-07 07:20:33,467 - Knowledge - INFO - Fast-tracked /app/data/T0015/303308/b3014f1/internet-banking-ms-303308/internet-banking-fund-transfer-service/src/test/java/com/javatodev/finance/InternetBankingFundTransferServiceApplicationTests.java (ext=.java, size=250)
2026-01-07 07:20:33,562 - Knowledge - INFO - Worker kw3 processing /app/data/T0015/303308/b3014f1/internet-banking-ms-303308/internet-banking-fund-transfer-service/src/main/java/com/javatodev/finance/service/rest/client/BankingCoreFeignClient.java
2026-01-07 07:20:33,655 - Knowledge - INFO - Batch sizing: calculated=5, max_allowed=10, queue=136, active_workers=3/5
2026-01-07 07:20:33,731 - Knowledge - INFO - [kw5] Queue=131, InProgress=0, PendingWorkers=3/5, Completed=0/146 (0.0%)
2026-01-07 07:20:33,839 - Knowledge - INFO - knowledge worker kw6 start
2026-01-07 07:20:33,839 - Knowledge - INFO - Worker kw7 created using shared MongoDB connection pool
2026-01-07 07:20:33,929 - Knowledge - INFO - Fast-tracked /app/data/T0015/303308/b3014f1/internet-banking-ms-303308/internet-banking-service-registry/src/main/java/com/javatodev/finance/InternetBankingServiceRegistryApplication.java (ext=.java, size=469)
2026-01-07 07:20:34,030 - Knowledge - INFO - Worker kw2 processing /app/data/T0015/303308/b3014f1/internet-banking-ms-303308/internet-banking-fund-transfer-service/src/test/resources/application.yml
2026-01-07 07:20:34,121 - Knowledge - INFO - Fast-tracked /app/data/T0015/303308/b3014f1/internet-banking-ms-303308/internet-banking-fund-transfer-service/src/main/java/com/javatodev/finance/service/rest/client/BankingCoreFeignClient.java (ext=.java, size=1156)
2026-01-07 07:20:34,198 - Knowledge - INFO - Worker kw4 processing /app/data/T0015/303308/b3014f1/internet-banking-ms-303308/internet-banking-fund-transfer-service/src/main/java/com/javatodev/finance/model/mapper/FundTransferMapper.java
2026-01-07 07:20:34,298 - Knowledge - INFO - Batch sizing: calculated=5, max_allowed=10, queue=131, active_workers=4/6
2026-01-07 07:20:34,393 - Knowledge - INFO - [kw6] Queue=126, InProgress=0, PendingWorkers=4/6, Completed=0/146 (0.0%)
2026-01-07 07:20:34,474 - Knowledge - INFO - knowledge worker kw7 start
2026-01-07 07:20:34,474 - Knowledge - INFO - Worker kw8 created using shared MongoDB connection pool
2026-01-07 07:20:34,565 - Knowledge - INFO - Worker kw1 processing /app/data/T0015/303308/b3014f1/internet-banking-ms-303308/internet-banking-service-registry/src/main/resources/application.yml
2026-01-07 07:20:34,668 - Knowledge - INFO - Fast-tracked /app/data/T0015/303308/b3014f1/internet-banking-ms-303308/internet-banking-fund-transfer-service/src/test/resources/application.yml (ext=.yml, size=520)
2026-01-07 07:20:34,779 - Knowledge - INFO - Worker kw3 processing /app/data/T0015/303308/b3014f1/internet-banking-ms-303308/internet-banking-fund-transfer-service/src/main/java/com/javatodev/finance/service/FundTransferService.java
2026-01-07 07:20:34,873 - Knowledge - INFO - Fast-tracked /app/data/T0015/303308/b3014f1/internet-banking-ms-303308/internet-banking-fund-transfer-service/src/main/java/com/javatodev/finance/model/mapper/FundTransferMapper.java (ext=.java, size=830)
2026-01-07 07:20:34,980 - Knowledge - INFO - Worker kw5 processing /app/data/T0015/303308/b3014f1/internet-banking-ms-303308/internet-banking-fund-transfer-service/src/main/java/com/javatodev/finance/model/dto/response/AccountResponse.java
2026-01-07 07:20:35,061 - Knowledge - INFO - Batch sizing: calculated=5, max_allowed=10, queue=126, active_workers=5/7
2026-01-07 07:20:35,182 - Knowledge - INFO - [kw7] Queue=121, InProgress=0, PendingWorkers=5/7, Completed=0/146 (0.0%)
2026-01-07 07:20:35,257 - Knowledge - INFO - knowledge worker kw8 start
2026-01-07 07:20:35,258 - Knowledge - INFO - Worker kw9 created using shared MongoDB connection pool
2026-01-07 07:20:35,331 - Knowledge - INFO - Fast-tracked /app/data/T0015/303308/b3014f1/internet-banking-ms-303308/internet-banking-service-registry/src/main/resources/application.yml (ext=.yml, size=226)
2026-01-07 07:20:35,417 - Knowledge - INFO - Worker kw2 processing /app/data/T0015/303308/b3014f1/internet-banking-ms-303308/internet-banking-fund-transfer-service/src/main/java/com/javatodev/finance/configuration/CustomFeignClientConfiguration.java
2026-01-07 07:20:35,527 - Knowledge - INFO - Worker kw3 processing /app/data/T0015/303308/b3014f1/internet-banking-ms-303308/internet-banking-fund-transfer-service/src/main/java/com/javatodev/finance/model/repository/FundTransferRepository.java
2026-01-07 07:20:35,592 - Knowledge - INFO - Worker kw4 processing /app/data/T0015/303308/b3014f1/internet-banking-ms-303308/internet-banking-fund-transfer-service/src/main/java/com/javatodev/finance/model/entity/FundTransferEntity.java
2026-01-07 07:20:35,668 - Knowledge - INFO - Fast-tracked /app/data/T0015/303308/b3014f1/internet-banking-ms-303308/internet-banking-fund-transfer-service/src/main/java/com/javatodev/finance/model/dto/response/AccountResponse.java (ext=.java, size=318)
2026-01-07 07:20:35,739 - Knowledge - INFO - Worker kw6 processing /app/data/T0015/303308/b3014f1/internet-banking-ms-303308/internet-banking-fund-transfer-service/src/main/java/com/javatodev/finance/exception/ErrorResponse.java
2026-01-07 07:20:35,820 - Knowledge - INFO - Batch sizing: calculated=5, max_allowed=10, queue=121, active_workers=6/8
2026-01-07 07:20:35,927 - Knowledge - INFO - [kw8] Queue=116, InProgress=0, PendingWorkers=6/8, Completed=0/146 (0.0%)
2026-01-07 07:20:35,993 - Knowledge - INFO - knowledge worker kw9 start
2026-01-07 07:20:35,993 - Knowledge - INFO - Worker kw10 created using shared MongoDB connection pool
2026-01-07 07:20:36,057 - Knowledge - INFO - Worker kw1 processing /app/data/T0015/303308/b3014f1/internet-banking-ms-303308/internet-banking-service-registry/settings.gradle
2026-01-07 07:20:36,145 - Knowledge - INFO - Fast-tracked /app/data/T0015/303308/b3014f1/internet-banking-ms-303308/internet-banking-fund-transfer-service/src/main/java/com/javatodev/finance/configuration/CustomFeignClientConfiguration.java (ext=.java, size=367)
2026-01-07 07:20:36,238 - Knowledge - INFO - Fast-tracked /app/data/T0015/303308/b3014f1/internet-banking-ms-303308/internet-banking-fund-transfer-service/src/main/java/com/javatodev/finance/model/repository/FundTransferRepository.java (ext=.java, size=266)
2026-01-07 07:20:36,348 - Knowledge - INFO - Fast-tracked /app/data/T0015/303308/b3014f1/internet-banking-ms-303308/internet-banking-fund-transfer-service/src/main/java/com/javatodev/finance/model/entity/FundTransferEntity.java (ext=.java, size=587)
2026-01-07 07:20:36,414 - Knowledge - INFO - Worker kw5 processing /app/data/T0015/303308/b3014f1/internet-banking-ms-303308/internet-banking-fund-transfer-service/src/main/java/com/javatodev/finance/model/dto/response/FundTransferResponse.java
2026-01-07 07:20:36,494 - Knowledge - INFO - Fast-tracked /app/data/T0015/303308/b3014f1/internet-banking-ms-303308/internet-banking-fund-transfer-service/src/main/java/com/javatodev/finance/exception/ErrorResponse.java (ext=.java, size=219)
2026-01-07 07:20:36,567 - Knowledge - INFO - Worker kw7 processing /app/data/T0015/303308/b3014f1/internet-banking-ms-303308/internet-banking-user-service/src/test/java/com/javatodev/finance/InternetBankingUserServiceApplicationTests.java
2026-01-07 07:20:36,641 - Knowledge - INFO - Batch sizing: calculated=5, max_allowed=10, queue=116, active_workers=7/9
2026-01-07 07:20:36,719 - Knowledge - INFO - [kw9] Queue=111, InProgress=0, PendingWorkers=7/9, Completed=0/146 (0.0%)
2026-01-07 07:20:36,809 - Knowledge - INFO - knowledge worker kw10 start
2026-01-07 07:20:36,810 - Knowledge - INFO - Worker kw11 created using shared MongoDB connection pool
2026-01-07 07:20:36,882 - Knowledge - INFO - Fast-tracked /app/data/T0015/303308/b3014f1/internet-banking-ms-303308/internet-banking-service-registry/settings.gradle (ext=.gradle, size=55)
2026-01-07 07:20:36,953 - Knowledge - INFO - Worker kw2 processing /app/data/T0015/303308/b3014f1/internet-banking-ms-303308/internet-banking-fund-transfer-service/src/main/java/com/javatodev/finance/controller/FundTransferController.java
2026-01-07 07:20:37,019 - Knowledge - INFO - Worker kw3 processing /app/data/T0015/303308/b3014f1/internet-banking-ms-303308/internet-banking-fund-transfer-service/src/main/java/com/javatodev/finance/model/TransactionStatus.java
2026-01-07 07:20:37,092 - Knowledge - INFO - Worker kw4 processing /app/data/T0015/303308/b3014f1/internet-banking-ms-303308/internet-banking-fund-transfer-service/src/main/java/com/javatodev/finance/model/dto/FundTransfer.java
2026-01-07 07:20:37,160 - Knowledge - INFO - Fast-tracked /app/data/T0015/303308/b3014f1/internet-banking-ms-303308/internet-banking-fund-transfer-service/src/main/java/com/javatodev/finance/model/dto/response/FundTransferResponse.java (ext=.java, size=178)
2026-01-07 07:20:37,229 - Knowledge - INFO - Worker kw6 processing /app/data/T0015/303308/b3014f1/internet-banking-ms-303308/internet-banking-fund-transfer-service/src/main/resources/application.yml
2026-01-07 07:20:37,292 - Knowledge - INFO - Fast-tracked /app/data/T0015/303308/b3014f1/internet-banking-ms-303308/internet-banking-user-service/src/test/java/com/javatodev/finance/InternetBankingUserServiceApplicationTests.java (ext=.java, size=242)
2026-01-07 07:20:37,359 - Knowledge - INFO - Worker kw8 processing /app/data/T0015/303308/b3014f1/internet-banking-ms-303308/internet-banking-user-service/src/main/java/com/javatodev/finance/configuration/CustomFeignClientConfiguration.java
2026-01-07 07:20:37,436 - Knowledge - INFO - Batch sizing: calculated=5, max_allowed=10, queue=111, active_workers=8/10
2026-01-07 07:20:37,550 - Knowledge - INFO - [kw10] Queue=106, InProgress=0, PendingWorkers=8/10, Completed=0/146 (0.0%)
2026-01-07 07:20:37,627 - Knowledge - INFO - knowledge worker kw11 start
2026-01-07 07:20:37,627 - Knowledge - INFO - Worker kw12 created using shared MongoDB connection pool
2026-01-07 07:20:37,725 - Knowledge - INFO - Worker kw1 processing /app/data/T0015/303308/b3014f1/internet-banking-ms-303308/internet-banking-service-registry/build.gradle
2026-01-07 07:20:37,794 - Knowledge - INFO - Fast-tracked /app/data/T0015/303308/b3014f1/internet-banking-ms-303308/internet-banking-fund-transfer-service/src/main/java/com/javatodev/finance/controller/FundTransferController.java (ext=.java, size=1102)
2026-01-07 07:20:37,868 - Knowledge - INFO - Fast-tracked /app/data/T0015/303308/b3014f1/internet-banking-ms-303308/internet-banking-fund-transfer-service/src/main/java/com/javatodev/finance/model/TransactionStatus.java (ext=.java, size=113)
2026-01-07 07:20:37,953 - Knowledge - INFO - Fast-tracked /app/data/T0015/303308/b3014f1/internet-banking-ms-303308/internet-banking-fund-transfer-service/src/main/java/com/javatodev/finance/model/dto/FundTransfer.java (ext=.java, size=311)
2026-01-07 07:20:38,023 - Knowledge - INFO - Worker kw5 processing /app/data/T0015/303308/b3014f1/internet-banking-ms-303308/internet-banking-fund-transfer-service/src/main/java/com/javatodev/finance/model/dto/response/UtilityPaymentResponse.java
2026-01-07 07:20:38,101 - Knowledge - INFO - Fast-tracked /app/data/T0015/303308/b3014f1/internet-banking-ms-303308/internet-banking-fund-transfer-service/src/main/resources/application.yml (ext=.yml, size=72)
2026-01-07 07:20:38,201 - Knowledge - INFO - Worker kw7 processing /app/data/T0015/303308/b3014f1/internet-banking-ms-303308/internet-banking-user-service/src/test/resources/application.yml
2026-01-07 07:20:38,282 - Knowledge - INFO - Fast-tracked /app/data/T0015/303308/b3014f1/internet-banking-ms-303308/internet-banking-user-service/src/main/java/com/javatodev/finance/configuration/CustomFeignClientConfiguration.java (ext=.java, size=482)
2026-01-07 07:20:38,367 - Knowledge - INFO - Worker kw9 processing /app/data/T0015/303308/b3014f1/internet-banking-ms-303308/internet-banking-user-service/src/main/java/com/javatodev/finance/model/repository/UserRepository.java
2026-01-07 07:20:38,443 - Knowledge - INFO - Batch sizing: calculated=5, max_allowed=10, queue=106, active_workers=9/11
2026-01-07 07:20:38,509 - Knowledge - INFO - [kw11] Queue=101, InProgress=0, PendingWorkers=9/11, Completed=0/146 (0.0%)
2026-01-07 07:20:38,619 - Knowledge - INFO - knowledge worker kw12 start
2026-01-07 07:20:38,620 - Knowledge - INFO - Worker kw13 created using shared MongoDB connection pool
2026-01-07 07:20:38,701 - Knowledge - INFO - Fast-tracked /app/data/T0015/303308/b3014f1/internet-banking-ms-303308/internet-banking-service-registry/build.gradle (ext=.gradle, size=817)
2026-01-07 07:20:38,810 - Knowledge - INFO - Worker kw2 processing /app/data/T0015/303308/b3014f1/internet-banking-ms-303308/internet-banking-fund-transfer-service/src/main/java/com/javatodev/finance/InternetBankingFundTransferServiceApplication.java
2026-01-07 07:20:38,915 - Knowledge - INFO - Worker kw3 processing /app/data/T0015/303308/b3014f1/internet-banking-ms-303308/internet-banking-fund-transfer-service/src/main/java/com/javatodev/finance/model/mapper/BaseMapper.java
2026-01-07 07:20:39,001 - Knowledge - INFO - Worker kw4 processing /app/data/T0015/303308/b3014f1/internet-banking-ms-303308/internet-banking-fund-transfer-service/src/main/java/com/javatodev/finance/model/dto/request/UtilityPaymentRequest.java
2026-01-07 07:20:39,067 - Knowledge - INFO - Fast-tracked /app/data/T0015/303308/b3014f1/internet-banking-ms-303308/internet-banking-fund-transfer-service/src/main/java/com/javatodev/finance/model/dto/response/UtilityPaymentResponse.java (ext=.java, size=91)
2026-01-07 07:20:39,135 - Knowledge - INFO - Worker kw6 processing /app/data/T0015/303308/b3014f1/internet-banking-ms-303308/internet-banking-fund-transfer-service/src/main/resources/bootstrap.yml
2026-01-07 07:20:39,208 - Knowledge - INFO - Fast-tracked /app/data/T0015/303308/b3014f1/internet-banking-ms-303308/internet-banking-user-service/src/test/resources/application.yml (ext=.yml, size=723)
2026-01-07 07:20:39,284 - Knowledge - INFO - Worker kw8 processing /app/data/T0015/303308/b3014f1/internet-banking-ms-303308/internet-banking-user-service/src/main/java/com/javatodev/finance/controller/UserController.java
2026-01-07 07:20:39,354 - Knowledge - INFO - Fast-tracked /app/data/T0015/303308/b3014f1/internet-banking-ms-303308/internet-banking-user-service/src/main/java/com/javatodev/finance/model/repository/UserRepository.java (ext=.java, size=242)
2026-01-07 07:20:39,476 - Knowledge - INFO - Worker kw10 processing /app/data/T0015/303308/b3014f1/internet-banking-ms-303308/internet-banking-user-service/src/main/java/com/javatodev/finance/model/entity/UserEntity.java
2026-01-07 07:20:39,564 - Knowledge - INFO - Batch sizing: calculated=5, max_allowed=10, queue=101, active_workers=10/12
2026-01-07 07:20:39,650 - Knowledge - INFO - [kw12] Queue=96, InProgress=0, PendingWorkers=10/12, Completed=0/146 (0.0%)
2026-01-07 07:20:39,760 - Knowledge - INFO - knowledge worker kw13 start
2026-01-07 07:20:39,760 - Knowledge - INFO - Worker kw14 created using shared MongoDB connection pool
2026-01-07 07:20:39,846 - Knowledge - INFO - Processing batch of 5 files
2026-01-07 07:20:39,960 - Knowledge - INFO - Fast-tracked /app/data/T0015/303308/b3014f1/internet-banking-ms-303308/internet-banking-fund-transfer-service/src/main/java/com/javatodev/finance/InternetBankingFundTransferServiceApplication.java (ext=.java, size=553)
2026-01-07 07:20:40,029 - Knowledge - INFO - Fast-tracked /app/data/T0015/303308/b3014f1/internet-banking-ms-303308/internet-banking-fund-transfer-service/src/main/java/com/javatodev/finance/model/mapper/BaseMapper.java (ext=.java, size=1330)
2026-01-07 07:20:40,100 - Knowledge - INFO - Fast-tracked /app/data/T0015/303308/b3014f1/internet-banking-ms-303308/internet-banking-fund-transfer-service/src/main/java/com/javatodev/finance/model/dto/request/UtilityPaymentRequest.java (ext=.java, size=270)
2026-01-07 07:20:40,178 - Knowledge - INFO - Worker kw5 processing /app/data/T0015/303308/b3014f1/internet-banking-ms-303308/internet-banking-fund-transfer-service/src/main/java/com/javatodev/finance/exception/SimpleBankingGlobalException.java
2026-01-07 07:20:40,279 - Knowledge - INFO - Fast-tracked /app/data/T0015/303308/b3014f1/internet-banking-ms-303308/internet-banking-fund-transfer-service/src/main/resources/bootstrap.yml (ext=.yml, size=62)
2026-01-07 07:20:40,347 - Knowledge - INFO - Worker kw7 processing /app/data/T0015/303308/b3014f1/internet-banking-ms-303308/internet-banking-user-service/src/main/java/com/javatodev/finance/configuration/KeycloakProperties.java
2026-01-07 07:20:40,424 - Knowledge - INFO - Fast-tracked /app/data/T0015/303308/b3014f1/internet-banking-ms-303308/internet-banking-user-service/src/main/java/com/javatodev/finance/controller/UserController.java (ext=.java, size=1732)
2026-01-07 07:20:40,528 - Knowledge - INFO - Worker kw9 processing /app/data/T0015/303308/b3014f1/internet-banking-ms-303308/internet-banking-user-service/src/main/java/com/javatodev/finance/model/rest/response/AccountResponse.java
2026-01-07 07:20:40,606 - Knowledge - INFO - Fast-tracked /app/data/T0015/303308/b3014f1/internet-banking-ms-303308/internet-banking-user-service/src/main/java/com/javatodev/finance/model/entity/UserEntity.java (ext=.java, size=452)
2026-01-07 07:20:40,687 - Knowledge - INFO - Worker kw11 processing /app/data/T0015/303308/b3014f1/internet-banking-ms-303308/internet-banking-user-service/src/main/java/com/javatodev/finance/exception/SimpleBankingGlobalException.java
2026-01-07 07:20:40,789 - Knowledge - INFO - Batch sizing: calculated=4, max_allowed=10, queue=96, active_workers=11/13
2026-01-07 07:20:40,913 - Knowledge - INFO - [kw13] Queue=91, InProgress=0, PendingWorkers=11/13, Completed=5/146 (3.4%)
2026-01-07 07:20:41,015 - Knowledge - INFO - knowledge worker kw14 start
2026-01-07 07:20:41,015 - Knowledge - INFO - Worker kw15 created using shared MongoDB connection pool
2026-01-07 07:20:41,109 - Knowledge - INFO - process ingested knowledge for /app/data/T0015/303308/b3014f1/internet-banking-ms-303308/internet-banking-service-registry/src/test/java/com/javatodev/finance/InternetBankingServiceRegistryApplicationTests.java
2026-01-07 07:20:41,197 - Knowledge - INFO - Processing batch of 5 files
2026-01-07 07:20:41,287 - Knowledge - INFO - Fast-tracked /app/data/T0015/303308/b3014f1/internet-banking-ms-303308/internet-banking-fund-transfer-service/src/main/java/com/javatodev/finance/service/FundTransferService.java (small file (2068 bytes))
2026-01-07 07:20:41,379 - Knowledge - INFO - Worker kw4 processing /app/data/T0015/303308/b3014f1/internet-banking-ms-303308/internet-banking-fund-transfer-service/src/main/java/com/javatodev/finance/model/dto/request/FundTransferRequest.java
2026-01-07 07:20:41,455 - Knowledge - INFO - Fast-tracked /app/data/T0015/303308/b3014f1/internet-banking-ms-303308/internet-banking-fund-transfer-service/src/main/java/com/javatodev/finance/exception/SimpleBankingGlobalException.java (ext=.java, size=423)
2026-01-07 07:20:41,555 - Knowledge - INFO - Worker kw6 processing /app/data/T0015/303308/b3014f1/internet-banking-ms-303308/internet-banking-fund-transfer-service/settings.gradle
2026-01-07 07:20:41,632 - Knowledge - INFO - Fast-tracked /app/data/T0015/303308/b3014f1/internet-banking-ms-303308/internet-banking-user-service/src/main/java/com/javatodev/finance/configuration/KeycloakProperties.java (ext=.java, size=1211)
2026-01-07 07:20:41,743 - Knowledge - INFO - Worker kw8 processing /app/data/T0015/303308/b3014f1/internet-banking-ms-303308/internet-banking-user-service/src/main/java/com/javatodev/finance/service/UserService.java
2026-01-07 07:20:41,818 - Knowledge - INFO - Fast-tracked /app/data/T0015/303308/b3014f1/internet-banking-ms-303308/internet-banking-user-service/src/main/java/com/javatodev/finance/model/rest/response/AccountResponse.java (ext=.java, size=358)
2026-01-07 07:20:41,884 - Knowledge - INFO - Worker kw10 processing /app/data/T0015/303308/b3014f1/internet-banking-ms-303308/internet-banking-user-service/src/main/java/com/javatodev/finance/model/dto/Status.java
2026-01-07 07:20:41,964 - Knowledge - INFO - Fast-tracked /app/data/T0015/303308/b3014f1/internet-banking-ms-303308/internet-banking-user-service/src/main/java/com/javatodev/finance/exception/SimpleBankingGlobalException.java (ext=.java, size=423)
2026-01-07 07:20:42,033 - Knowledge - INFO - Worker kw12 processing /app/data/T0015/303308/b3014f1/internet-banking-ms-303308/internet-banking-user-service/src/main/java/com/javatodev/finance/exception/ErrorResponse.java
2026-01-07 07:20:42,106 - Knowledge - INFO - Batch sizing: calculated=4, max_allowed=10, queue=91, active_workers=12/14
2026-01-07 07:20:42,167 - Knowledge - INFO - [kw14] Queue=87, InProgress=0, PendingWorkers=12/14, Completed=10/146 (6.8%)
2026-01-07 07:20:42,242 - Knowledge - INFO - knowledge worker kw15 start
2026-01-07 07:20:42,242 - Knowledge - INFO - Worker kw16 created using shared MongoDB connection pool
2026-01-07 07:20:42,344 - Knowledge - INFO - process ingested knowledge for /app/data/T0015/303308/b3014f1/internet-banking-ms-303308/internet-banking-service-registry/src/main/java/com/javatodev/finance/InternetBankingServiceRegistryApplication.java
2026-01-07 07:20:42,420 - Knowledge - INFO - process ingested knowledge for /app/data/T0015/303308/b3014f1/internet-banking-ms-303308/internet-banking-fund-transfer-service/src/test/java/com/javatodev/finance/InternetBankingFundTransferServiceApplicationTests.java
2026-01-07 07:20:42,494 - Knowledge - INFO - Processing batch of 5 files
2026-01-07 07:20:42,604 - Knowledge - INFO - Fast-tracked /app/data/T0015/303308/b3014f1/internet-banking-ms-303308/internet-banking-fund-transfer-service/src/main/java/com/javatodev/finance/model/dto/request/FundTransferRequest.java (ext=.java, size=264)
2026-01-07 07:20:42,670 - Knowledge - INFO - Worker kw5 processing /app/data/T0015/303308/b3014f1/internet-banking-ms-303308/internet-banking-fund-transfer-service/src/main/java/com/javatodev/finance/exception/GlobalExceptionHandler.java
2026-01-07 07:20:42,737 - Knowledge - INFO - Fast-tracked /app/data/T0015/303308/b3014f1/internet-banking-ms-303308/internet-banking-fund-transfer-service/settings.gradle (ext=.gradle, size=60)
2026-01-07 07:20:42,844 - Knowledge - INFO - Worker kw7 processing /app/data/T0015/303308/b3014f1/internet-banking-ms-303308/internet-banking-user-service/src/main/java/com/javatodev/finance/configuration/CustomFeignErrorDecoder.java
2026-01-07 07:20:42,928 - Knowledge - INFO - Worker kw8 processing /app/data/T0015/303308/b3014f1/internet-banking-ms-303308/internet-banking-user-service/src/main/java/com/javatodev/finance/service/rest/BankingCoreRestClient.java
2026-01-07 07:20:42,995 - Knowledge - INFO - Worker kw9 processing /app/data/T0015/303308/b3014f1/internet-banking-ms-303308/internet-banking-user-service/src/main/java/com/javatodev/finance/model/rest/response/UserResponse.java
2026-01-07 07:20:43,070 - Knowledge - INFO - Fast-tracked /app/data/T0015/303308/b3014f1/internet-banking-ms-303308/internet-banking-user-service/src/main/java/com/javatodev/finance/model/dto/Status.java (ext=.java, size=108)
2026-01-07 07:20:43,180 - Knowledge - INFO - Worker kw11 processing /app/data/T0015/303308/b3014f1/internet-banking-ms-303308/internet-banking-user-service/src/main/java/com/javatodev/finance/exception/GlobalErrorCode.java
2026-01-07 07:20:43,263 - Knowledge - INFO - Fast-tracked /app/data/T0015/303308/b3014f1/internet-banking-ms-303308/internet-banking-user-service/src/main/java/com/javatodev/finance/exception/ErrorResponse.java (ext=.java, size=219)
2026-01-07 07:20:43,341 - Knowledge - INFO - Worker kw13 processing /app/data/T0015/303308/b3014f1/internet-banking-ms-303308/internet-banking-user-service/src/main/resources/bootstrap.yml
2026-01-07 07:20:43,429 - Knowledge - INFO - Batch sizing: calculated=4, max_allowed=10, queue=87, active_workers=13/15
2026-01-07 07:20:43,495 - Knowledge - INFO - [kw15] Queue=83, InProgress=0, PendingWorkers=13/15, Completed=15/146 (10.3%)
2026-01-07 07:20:43,555 - Knowledge - INFO - knowledge worker kw16 start
2026-01-07 07:20:43,555 - Knowledge - INFO - Worker kw17 created using shared MongoDB connection pool
2026-01-07 07:20:43,646 - Knowledge - INFO - process ingested knowledge for /app/data/T0015/303308/b3014f1/internet-banking-ms-303308/internet-banking-service-registry/src/main/resources/application.yml
2026-01-07 07:20:43,730 - Knowledge - INFO - process ingested knowledge for /app/data/T0015/303308/b3014f1/internet-banking-ms-303308/internet-banking-fund-transfer-service/src/test/resources/application.yml
2026-01-07 07:20:43,845 - Knowledge - INFO - process ingested knowledge for /app/data/T0015/303308/b3014f1/internet-banking-ms-303308/internet-banking-fund-transfer-service/src/main/java/com/javatodev/finance/service/rest/client/BankingCoreFeignClient.java
2026-01-07 07:20:43,919 - Knowledge - INFO - Processing batch of 5 files
2026-01-07 07:20:44,029 - Knowledge - INFO - Fast-tracked /app/data/T0015/303308/b3014f1/internet-banking-ms-303308/internet-banking-fund-transfer-service/src/main/java/com/javatodev/finance/exception/GlobalExceptionHandler.java (ext=.java, size=974)
2026-01-07 07:20:44,118 - Knowledge - INFO - Worker kw6 processing /app/data/T0015/303308/b3014f1/internet-banking-ms-303308/internet-banking-fund-transfer-service/build.gradle
2026-01-07 07:20:44,195 - Knowledge - INFO - Worker kw7 processing /app/data/T0015/303308/b3014f1/internet-banking-ms-303308/internet-banking-user-service/src/main/java/com/javatodev/finance/configuration/KeycloakManager.java
2026-01-07 07:20:44,302 - Knowledge - INFO - Fast-tracked /app/data/T0015/303308/b3014f1/internet-banking-ms-303308/internet-banking-user-service/src/main/java/com/javatodev/finance/service/rest/BankingCoreRestClient.java (ext=.java, size=740)
2026-01-07 07:20:44,416 - Knowledge - INFO - Fast-tracked /app/data/T0015/303308/b3014f1/internet-banking-ms-303308/internet-banking-user-service/src/main/java/com/javatodev/finance/model/rest/response/UserResponse.java (ext=.java, size=365)
2026-01-07 07:20:44,506 - Knowledge - INFO - Worker kw10 processing /app/data/T0015/303308/b3014f1/internet-banking-ms-303308/internet-banking-user-service/src/main/java/com/javatodev/finance/model/dto/UserUpdateRequest.java
2026-01-07 07:20:44,615 - Knowledge - INFO - Fast-tracked /app/data/T0015/303308/b3014f1/internet-banking-ms-303308/internet-banking-user-service/src/main/java/com/javatodev/finance/exception/GlobalErrorCode.java (ext=.java, size=389)
2026-01-07 07:20:44,720 - Knowledge - INFO - Worker kw12 processing /app/data/T0015/303308/b3014f1/internet-banking-ms-303308/internet-banking-user-service/src/main/java/com/javatodev/finance/exception/EntityNotFoundException.java
2026-01-07 07:20:44,787 - Knowledge - INFO - Fast-tracked /app/data/T0015/303308/b3014f1/internet-banking-ms-303308/internet-banking-user-service/src/main/resources/bootstrap.yml (ext=.yml, size=62)
2026-01-07 07:20:44,910 - Knowledge - INFO - Worker kw14 processing /app/data/T0015/303308/b3014f1/internet-banking-ms-303308/internet-banking-utility-payment-service/src/test/resources/application.yml
2026-01-07 07:20:45,014 - Knowledge - INFO - Batch sizing: calculated=4, max_allowed=10, queue=83, active_workers=14/16
2026-01-07 07:20:45,129 - Knowledge - INFO - [kw16] Queue=79, InProgress=0, PendingWorkers=14/16, Completed=20/146 (13.7%)
2026-01-07 07:20:45,205 - Knowledge - INFO - knowledge worker kw17 start
2026-01-07 07:20:45,205 - Knowledge - INFO - Worker kw18 created using shared MongoDB connection pool
2026-01-07 07:20:45,279 - Knowledge - INFO - process ingested knowledge for /app/data/T0015/303308/b3014f1/internet-banking-ms-303308/internet-banking-service-registry/settings.gradle
2026-01-07 07:20:45,347 - Knowledge - INFO - process ingested knowledge for /app/data/T0015/303308/b3014f1/internet-banking-ms-303308/internet-banking-fund-transfer-service/src/main/java/com/javatodev/finance/configuration/CustomFeignClientConfiguration.java
2026-01-07 07:20:45,413 - Knowledge - INFO - process ingested knowledge for /app/data/T0015/303308/b3014f1/internet-banking-ms-303308/internet-banking-fund-transfer-service/src/main/java/com/javatodev/finance/service/FundTransferService.java
2026-01-07 07:20:45,501 - Knowledge - INFO - process ingested knowledge for /app/data/T0015/303308/b3014f1/internet-banking-ms-303308/internet-banking-fund-transfer-service/src/main/java/com/javatodev/finance/model/mapper/FundTransferMapper.java
2026-01-07 07:20:45,594 - Knowledge - INFO - Processing batch of 5 files
2026-01-07 07:20:45,670 - Knowledge - INFO - Fast-tracked /app/data/T0015/303308/b3014f1/internet-banking-ms-303308/internet-banking-fund-transfer-service/build.gradle (ext=.gradle, size=1339)
2026-01-07 07:20:45,777 - Knowledge - INFO - Fast-tracked /app/data/T0015/303308/b3014f1/internet-banking-ms-303308/internet-banking-user-service/src/main/java/com/javatodev/finance/configuration/KeycloakManager.java (ext=.java, size=471)
2026-01-07 07:20:45,856 - Knowledge - INFO - Worker kw8 processing /app/data/T0015/303308/b3014f1/internet-banking-ms-303308/internet-banking-user-service/src/main/java/com/javatodev/finance/service/KeycloakUserService.java
2026-01-07 07:20:45,938 - Knowledge - INFO - Worker kw9 processing /app/data/T0015/303308/b3014f1/internet-banking-ms-303308/internet-banking-user-service/src/main/java/com/javatodev/finance/model/mapper/BaseMapper.java
2026-01-07 07:20:46,009 - Knowledge - INFO - Fast-tracked /app/data/T0015/303308/b3014f1/internet-banking-ms-303308/internet-banking-user-service/src/main/java/com/javatodev/finance/model/dto/UserUpdateRequest.java (ext=.java, size=131)
2026-01-07 07:20:46,111 - Knowledge - INFO - Worker kw11 processing /app/data/T0015/303308/b3014f1/internet-banking-ms-303308/internet-banking-user-service/src/main/java/com/javatodev/finance/exception/GlobalExceptionHandler.java
2026-01-07 07:20:46,182 - Knowledge - INFO - Fast-tracked /app/data/T0015/303308/b3014f1/internet-banking-ms-303308/internet-banking-user-service/src/main/java/com/javatodev/finance/exception/EntityNotFoundException.java (ext=.java, size=388)
2026-01-07 07:20:46,273 - Knowledge - INFO - Worker kw13 processing /app/data/T0015/303308/b3014f1/internet-banking-ms-303308/internet-banking-user-service/settings.gradle
2026-01-07 07:20:46,381 - Knowledge - INFO - Fast-tracked /app/data/T0015/303308/b3014f1/internet-banking-ms-303308/internet-banking-utility-payment-service/src/test/resources/application.yml (ext=.yml, size=532)
2026-01-07 07:20:46,446 - Knowledge - INFO - Worker kw15 processing /app/data/T0015/303308/b3014f1/internet-banking-ms-303308/internet-banking-utility-payment-service/src/main/java/com/javatodev/finance/InternetBankingUtilityPaymentServiceApplication.java
2026-01-07 07:20:46,557 - Knowledge - INFO - Batch sizing: calculated=4, max_allowed=10, queue=79, active_workers=15/17
2026-01-07 07:20:46,642 - Knowledge - INFO - [kw17] Queue=75, InProgress=0, PendingWorkers=15/17, Completed=25/146 (17.1%)
2026-01-07 07:20:46,746 - Knowledge - INFO - knowledge worker kw18 start
2026-01-07 07:20:46,746 - Knowledge - INFO - Worker kw19 created using shared MongoDB connection pool
2026-01-07 07:20:46,807 - Knowledge - INFO - process ingested knowledge for /app/data/T0015/303308/b3014f1/internet-banking-ms-303308/internet-banking-service-registry/build.gradle
2026-01-07 07:20:46,884 - Knowledge - INFO - process ingested knowledge for /app/data/T0015/303308/b3014f1/internet-banking-ms-303308/internet-banking-fund-transfer-service/src/main/java/com/javatodev/finance/controller/FundTransferController.java
2026-01-07 07:20:46,953 - Knowledge - INFO - process ingested knowledge for /app/data/T0015/303308/b3014f1/internet-banking-ms-303308/internet-banking-fund-transfer-service/src/main/java/com/javatodev/finance/model/repository/FundTransferRepository.java
2026-01-07 07:20:47,020 - Knowledge - INFO - process ingested knowledge for /app/data/T0015/303308/b3014f1/internet-banking-ms-303308/internet-banking-fund-transfer-service/src/main/java/com/javatodev/finance/model/entity/FundTransferEntity.java
2026-01-07 07:20:47,094 - Knowledge - INFO - process ingested knowledge for /app/data/T0015/303308/b3014f1/internet-banking-ms-303308/internet-banking-fund-transfer-service/src/main/java/com/javatodev/finance/model/dto/response/AccountResponse.java
2026-01-07 07:20:47,180 - Knowledge - INFO - Processing batch of 5 files
2026-01-07 07:20:47,286 - Knowledge - INFO - Fast-tracked /app/data/T0015/303308/b3014f1/internet-banking-ms-303308/internet-banking-user-service/src/main/java/com/javatodev/finance/configuration/CustomFeignErrorDecoder.java (small file (2570 bytes))
2026-01-07 07:20:47,400 - Knowledge - INFO - Fast-tracked /app/data/T0015/303308/b3014f1/internet-banking-ms-303308/internet-banking-user-service/src/main/java/com/javatodev/finance/service/KeycloakUserService.java (ext=.java, size=1493)
2026-01-07 07:20:47,477 - Knowledge - INFO - Fast-tracked /app/data/T0015/303308/b3014f1/internet-banking-ms-303308/internet-banking-user-service/src/main/java/com/javatodev/finance/model/mapper/BaseMapper.java (ext=.java, size=1330)
2026-01-07 07:20:47,568 - Knowledge - INFO - Worker kw10 processing /app/data/T0015/303308/b3014f1/internet-banking-ms-303308/internet-banking-user-service/src/main/java/com/javatodev/finance/model/dto/User.java
2026-01-07 07:20:47,653 - Knowledge - INFO - Fast-tracked /app/data/T0015/303308/b3014f1/internet-banking-ms-303308/internet-banking-user-service/src/main/java/com/javatodev/finance/exception/GlobalExceptionHandler.java (ext=.java, size=1159)
2026-01-07 07:20:47,718 - Knowledge - INFO - Worker kw12 processing /app/data/T0015/303308/b3014f1/internet-banking-ms-303308/internet-banking-user-service/src/main/java/com/javatodev/finance/exception/InvalidBankingUserException.java
2026-01-07 07:20:47,812 - Knowledge - INFO - Fast-tracked /app/data/T0015/303308/b3014f1/internet-banking-ms-303308/internet-banking-user-service/settings.gradle (ext=.gradle, size=51)
2026-01-07 07:20:47,917 - Knowledge - INFO - Worker kw14 processing /app/data/T0015/303308/b3014f1/internet-banking-ms-303308/internet-banking-utility-payment-service/src/main/java/com/javatodev/finance/repository/UtilityPaymentRepository.java
2026-01-07 07:20:47,992 - Knowledge - INFO - Fast-tracked /app/data/T0015/303308/b3014f1/internet-banking-ms-303308/internet-banking-utility-payment-service/src/main/java/com/javatodev/finance/InternetBankingUtilityPaymentServiceApplication.java (ext=.java, size=545)
2026-01-07 07:20:48,072 - Knowledge - INFO - Worker kw16 processing /app/data/T0015/303308/b3014f1/internet-banking-ms-303308/internet-banking-utility-payment-service/src/main/java/com/javatodev/finance/model/rest/request/UtilityPaymentRequest.java
2026-01-07 07:20:48,154 - Knowledge - INFO - Batch sizing: calculated=4, max_allowed=10, queue=75, active_workers=16/18
2026-01-07 07:20:48,239 - Knowledge - INFO - [kw18] Queue=71, InProgress=0, PendingWorkers=16/18, Completed=30/146 (20.5%)
2026-01-07 07:20:48,320 - Knowledge - INFO - knowledge worker kw19 start
2026-01-07 07:20:48,320 - Knowledge - INFO - Worker kw20 created using shared MongoDB connection pool
2026-01-07 07:20:48,470 - Knowledge - INFO - process ingested knowledge for /app/data/T0015/303308/b3014f1/internet-banking-ms-303308/internet-banking-fund-transfer-service/src/main/java/com/javatodev/finance/InternetBankingFundTransferServiceApplication.java
2026-01-07 07:20:48,580 - Knowledge - INFO - process ingested knowledge for /app/data/T0015/303308/b3014f1/internet-banking-ms-303308/internet-banking-fund-transfer-service/src/main/java/com/javatodev/finance/model/TransactionStatus.java
2026-01-07 07:20:48,649 - Knowledge - INFO - process ingested knowledge for /app/data/T0015/303308/b3014f1/internet-banking-ms-303308/internet-banking-fund-transfer-service/src/main/java/com/javatodev/finance/model/dto/FundTransfer.java
2026-01-07 07:20:48,721 - Knowledge - INFO - [WEBSOCKET] Sent: Type=progress_update, Size: 289, Duration: 0ms
2026-01-07 07:20:48,737 - Knowledge - INFO - process ingested knowledge for /app/data/T0015/303308/b3014f1/internet-banking-ms-303308/internet-banking-fund-transfer-service/src/main/java/com/javatodev/finance/model/dto/response/FundTransferResponse.java
2026-01-07 07:20:48,804 - Knowledge - INFO - process ingested knowledge for /app/data/T0015/303308/b3014f1/internet-banking-ms-303308/internet-banking-fund-transfer-service/src/main/java/com/javatodev/finance/exception/ErrorResponse.java
2026-01-07 07:20:49,052 - Knowledge - INFO - Worker kw9 processing /app/data/T0015/303308/b3014f1/internet-banking-ms-303308/internet-banking-user-service/src/main/java/com/javatodev/finance/model/mapper/UserMapper.java
2026-01-07 07:20:49,130 - Knowledge - INFO - Fast-tracked /app/data/T0015/303308/b3014f1/internet-banking-ms-303308/internet-banking-user-service/src/main/java/com/javatodev/finance/model/dto/User.java (ext=.java, size=261)
2026-01-07 07:20:49,226 - Knowledge - INFO - Worker kw11 processing /app/data/T0015/303308/b3014f1/internet-banking-ms-303308/internet-banking-user-service/src/main/java/com/javatodev/finance/exception/InvalidEmailException.java
2026-01-07 07:20:49,293 - Knowledge - INFO - Fast-tracked /app/data/T0015/303308/b3014f1/internet-banking-ms-303308/internet-banking-user-service/src/main/java/com/javatodev/finance/exception/InvalidBankingUserException.java (ext=.java, size=230)
2026-01-07 07:20:49,379 - Knowledge - INFO - Worker kw13 processing /app/data/T0015/303308/b3014f1/internet-banking-ms-303308/internet-banking-user-service/build.gradle
2026-01-07 07:20:49,471 - Knowledge - INFO - Fast-tracked /app/data/T0015/303308/b3014f1/internet-banking-ms-303308/internet-banking-utility-payment-service/src/main/java/com/javatodev/finance/repository/UtilityPaymentRepository.java (ext=.java, size=331)
2026-01-07 07:20:49,534 - Knowledge - INFO - Worker kw15 processing /app/data/T0015/303308/b3014f1/internet-banking-ms-303308/internet-banking-utility-payment-service/src/main/java/com/javatodev/finance/service/rest/BankingCoreRestClient.java
2026-01-07 07:20:49,627 - Knowledge - INFO - Fast-tracked /app/data/T0015/303308/b3014f1/internet-banking-ms-303308/internet-banking-utility-payment-service/src/main/java/com/javatodev/finance/model/rest/request/UtilityPaymentRequest.java (ext=.java, size=271)
2026-01-07 07:20:49,784 - Knowledge - INFO - Batch sizing: calculated=4, max_allowed=10, queue=71, active_workers=17/19
2026-01-07 07:20:49,847 - Knowledge - INFO - [kw19] Queue=67, InProgress=0, PendingWorkers=17/19, Completed=35/146 (24.0%)
2026-01-07 07:20:49,942 - Knowledge - INFO - knowledge worker kw20 start
2026-01-07 07:20:50,120 - Knowledge - INFO - process ingested knowledge for /app/data/T0015/303308/b3014f1/internet-banking-ms-303308/internet-banking-fund-transfer-service/src/main/java/com/javatodev/finance/model/mapper/BaseMapper.java
2026-01-07 07:20:50,186 - Knowledge - INFO - process ingested knowledge for /app/data/T0015/303308/b3014f1/internet-banking-ms-303308/internet-banking-fund-transfer-service/src/main/java/com/javatodev/finance/model/dto/request/UtilityPaymentRequest.java
2026-01-07 07:20:50,269 - Knowledge - INFO - Processing batch of 5 files
2026-01-07 07:20:50,270 - Knowledge - INFO - [WEBSOCKET] Sent: Type=unknown, Size: ?, Duration: 1548ms
2026-01-07 07:20:50,330 - Knowledge - INFO - process ingested knowledge for /app/data/T0015/303308/b3014f1/internet-banking-ms-303308/internet-banking-fund-transfer-service/src/main/java/com/javatodev/finance/model/dto/response/UtilityPaymentResponse.java
2026-01-07 07:20:50,396 - Knowledge - INFO - process ingested knowledge for /app/data/T0015/303308/b3014f1/internet-banking-ms-303308/internet-banking-fund-transfer-service/src/main/resources/application.yml
2026-01-07 07:20:50,473 - Knowledge - INFO - Fast-tracked /app/data/T0015/303308/b3014f1/internet-banking-ms-303308/internet-banking-user-service/src/main/java/com/javatodev/finance/model/mapper/UserMapper.java (ext=.java, size=740)
2026-01-07 07:20:50,536 - Knowledge - INFO - Worker kw10 processing /app/data/T0015/303308/b3014f1/internet-banking-ms-303308/internet-banking-user-service/src/main/java/com/javatodev/finance/InternetBankingUserServiceApplication.java
2026-01-07 07:20:50,611 - Knowledge - INFO - Fast-tracked /app/data/T0015/303308/b3014f1/internet-banking-ms-303308/internet-banking-user-service/src/main/java/com/javatodev/finance/exception/InvalidEmailException.java (ext=.java, size=218)
2026-01-07 07:20:50,719 - Knowledge - INFO - Worker kw12 processing /app/data/T0015/303308/b3014f1/internet-banking-ms-303308/internet-banking-user-service/src/main/resources/application.yml
2026-01-07 07:20:50,820 - Knowledge - INFO - Fast-tracked /app/data/T0015/303308/b3014f1/internet-banking-ms-303308/internet-banking-user-service/build.gradle (ext=.gradle, size=1504)
2026-01-07 07:20:50,913 - Knowledge - INFO - Worker kw14 processing /app/data/T0015/303308/b3014f1/internet-banking-ms-303308/internet-banking-utility-payment-service/src/main/java/com/javatodev/finance/configuration/CustomFeignClientConfiguration.java
2026-01-07 07:20:50,995 - Knowledge - INFO - Fast-tracked /app/data/T0015/303308/b3014f1/internet-banking-ms-303308/internet-banking-utility-payment-service/src/main/java/com/javatodev/finance/service/rest/BankingCoreRestClient.java (ext=.java, size=1154)
2026-01-07 07:20:51,083 - Knowledge - INFO - Worker kw16 processing /app/data/T0015/303308/b3014f1/internet-banking-ms-303308/internet-banking-utility-payment-service/src/main/java/com/javatodev/finance/model/rest/response/AccountResponse.java
2026-01-07 07:20:51,280 - Knowledge - INFO - Batch sizing: calculated=4, max_allowed=10, queue=67, active_workers=18/20
2026-01-07 07:20:51,360 - Knowledge - INFO - [kw20] Queue=63, InProgress=0, PendingWorkers=18/20, Completed=35/146 (24.0%)
2026-01-07 07:20:51,521 - Knowledge - INFO - process ingested knowledge for /app/data/T0015/303308/b3014f1/internet-banking-ms-303308/internet-banking-fund-transfer-service/src/main/java/com/javatodev/finance/model/dto/request/FundTransferRequest.java
2026-01-07 07:20:51,587 - Knowledge - INFO - process ingested knowledge for /app/data/T0015/303308/b3014f1/internet-banking-ms-303308/internet-banking-user-service/src/test/java/com/javatodev/finance/InternetBankingUserServiceApplicationTests.java
2026-01-07 07:20:51,660 - Knowledge - INFO - Progress: 20.5% | Files: 35/146 | Rate: 1.39 files/sec | Queue: 63
2026-01-07 07:20:51,660 - Knowledge - INFO - Worker kw17 processing /app/data/T0015/303308/b3014f1/internet-banking-ms-303308/internet-banking-utility-payment-service/src/main/java/com/javatodev/finance/model/mapper/UtilityPaymentMapper.java
2026-01-07 07:20:51,660 - Knowledge - INFO - [kw2] Queue=63, InProgress=0, PendingWorkers=18/20, Completed=35/146 (24.0%)
2026-01-07 07:20:51,661 - Knowledge - INFO - Worker kw18 processing /app/data/T0015/303308/b3014f1/internet-banking-ms-303308/internet-banking-utility-payment-service/src/main/java/com/javatodev/finance/exception/GlobalExceptionHandler.java
2026-01-07 07:20:51,787 - Knowledge - INFO - process ingested knowledge for /app/data/T0015/303308/b3014f1/internet-banking-ms-303308/internet-banking-fund-transfer-service/src/main/java/com/javatodev/finance/exception/SimpleBankingGlobalException.java
2026-01-07 07:20:51,804 - Knowledge - INFO - [WEBSOCKET] Sent: Type=progress_update, Size: 291, Duration: 0ms
2026-01-07 07:20:51,839 - Knowledge - INFO - process ingested knowledge for /app/data/T0015/303308/b3014f1/internet-banking-ms-303308/internet-banking-fund-transfer-service/src/main/resources/bootstrap.yml
2026-01-07 07:20:52,033 - Knowledge - INFO - Fast-tracked /app/data/T0015/303308/b3014f1/internet-banking-ms-303308/internet-banking-user-service/src/main/java/com/javatodev/finance/InternetBankingUserServiceApplication.java (ext=.java, size=537)
2026-01-07 07:20:52,104 - Knowledge - INFO - Worker kw11 processing /app/data/T0015/303308/b3014f1/internet-banking-ms-303308/internet-banking-user-service/src/main/java/com/javatodev/finance/exception/UserAlreadyRegisteredException.java
2026-01-07 07:20:52,196 - Knowledge - INFO - Fast-tracked /app/data/T0015/303308/b3014f1/internet-banking-ms-303308/internet-banking-user-service/src/main/resources/application.yml (ext=.yml, size=63)
2026-01-07 07:20:52,274 - Knowledge - INFO - Worker kw13 processing /app/data/T0015/303308/b3014f1/internet-banking-ms-303308/internet-banking-utility-payment-service/src/test/java/com/javatodev/finance/InternetBankingUtilityPaymentServiceApplicationTests.java
2026-01-07 07:20:52,355 - Knowledge - INFO - Fast-tracked /app/data/T0015/303308/b3014f1/internet-banking-ms-303308/internet-banking-utility-payment-service/src/main/java/com/javatodev/finance/configuration/CustomFeignClientConfiguration.java (ext=.java, size=292)
2026-01-07 07:20:52,439 - Knowledge - INFO - Worker kw15 processing /app/data/T0015/303308/b3014f1/internet-banking-ms-303308/internet-banking-utility-payment-service/src/main/java/com/javatodev/finance/service/UtilityPaymentService.java
2026-01-07 07:20:52,513 - Knowledge - INFO - Fast-tracked /app/data/T0015/303308/b3014f1/internet-banking-ms-303308/internet-banking-utility-payment-service/src/main/java/com/javatodev/finance/model/rest/response/AccountResponse.java (ext=.java, size=319)
2026-01-07 07:20:52,711 - Knowledge - INFO - Batch sizing: calculated=4, max_allowed=10, queue=63, active_workers=19/20
2026-01-07 07:20:53,149 - Knowledge - INFO - process ingested knowledge for /app/data/T0015/303308/b3014f1/internet-banking-ms-303308/internet-banking-user-service/src/test/resources/application.yml
2026-01-07 07:20:53,214 - Knowledge - INFO - [kw1] Queue=59, InProgress=0, PendingWorkers=19/20, Completed=40/146 (27.4%)
2026-01-07 07:20:53,287 - Knowledge - INFO - Fast-tracked /app/data/T0015/303308/b3014f1/internet-banking-ms-303308/internet-banking-utility-payment-service/src/main/java/com/javatodev/finance/model/mapper/UtilityPaymentMapper.java (ext=.java, size=856)
2026-01-07 07:20:53,368 - Knowledge - INFO - Batch sizing: calculated=4, max_allowed=10, queue=63, active_workers=19/20
2026-01-07 07:20:53,451 - Knowledge - INFO - Fast-tracked /app/data/T0015/303308/b3014f1/internet-banking-ms-303308/internet-banking-utility-payment-service/src/main/java/com/javatodev/finance/exception/GlobalExceptionHandler.java (ext=.java, size=1159)
2026-01-07 07:20:53,561 - Knowledge - INFO - process ingested knowledge for /app/data/T0015/303308/b3014f1/internet-banking-ms-303308/internet-banking-fund-transfer-service/src/main/java/com/javatodev/finance/exception/GlobalExceptionHandler.java
2026-01-07 07:20:53,633 - Knowledge - INFO - Processing batch of 5 files
2026-01-07 07:20:53,634 - Knowledge - INFO - Worker kw19 processing /app/data/T0015/303308/b3014f1/internet-banking-ms-303308/internet-banking-utility-payment-service/settings.gradle
2026-01-07 07:20:53,634 - Knowledge - INFO - [WEBSOCKET] Sent: Type=unknown, Size: ?, Duration: 1830ms
2026-01-07 07:20:53,726 - Knowledge - INFO - process ingested knowledge for /app/data/T0015/303308/b3014f1/internet-banking-ms-303308/internet-banking-fund-transfer-service/settings.gradle
2026-01-07 07:20:53,925 - Knowledge - INFO - Fast-tracked /app/data/T0015/303308/b3014f1/internet-banking-ms-303308/internet-banking-user-service/src/main/java/com/javatodev/finance/exception/UserAlreadyRegisteredException.java (ext=.java, size=236)
2026-01-07 07:20:54,120 - Knowledge - INFO - Fast-tracked /app/data/T0015/303308/b3014f1/internet-banking-ms-303308/internet-banking-utility-payment-service/src/test/java/com/javatodev/finance/InternetBankingUtilityPaymentServiceApplicationTests.java (ext=.java, size=243)
2026-01-07 07:20:54,196 - Knowledge - INFO - Worker kw14 processing /app/data/T0015/303308/b3014f1/internet-banking-ms-303308/internet-banking-utility-payment-service/src/main/java/com/javatodev/finance/controller/UtilityPaymentController.java
2026-01-07 07:20:54,300 - Knowledge - INFO - Worker kw15 processing /app/data/T0015/303308/b3014f1/internet-banking-ms-303308/internet-banking-utility-payment-service/src/main/java/com/javatodev/finance/model/TransactionStatus.java
2026-01-07 07:20:54,402 - Knowledge - INFO - Worker kw16 processing /app/data/T0015/303308/b3014f1/internet-banking-ms-303308/internet-banking-utility-payment-service/src/main/java/com/javatodev/finance/model/rest/response/UtilityPaymentResponse.java
2026-01-07 07:20:54,551 - Knowledge - INFO - process ingested knowledge for /app/data/T0015/303308/b3014f1/internet-banking-ms-303308/internet-banking-user-service/src/main/java/com/javatodev/finance/configuration/KeycloakProperties.java
2026-01-07 07:20:54,636 - Knowledge - INFO - Batch sizing: calculated=4, max_allowed=10, queue=59, active_workers=20/20
2026-01-07 07:20:54,714 - Knowledge - INFO - Worker kw17 processing /app/data/T0015/303308/b3014f1/internet-banking-ms-303308/internet-banking-utility-payment-service/src/main/java/com/javatodev/finance/model/entity/UtilityPaymentEntity.java
2026-01-07 07:20:54,887 - Knowledge - INFO - Worker kw18 processing /app/data/T0015/303308/b3014f1/internet-banking-ms-303308/internet-banking-utility-payment-service/src/main/java/com/javatodev/finance/exception/ErrorResponse.java
2026-01-07 07:20:55,040 - Knowledge - INFO - process ingested knowledge for /app/data/T0015/303308/b3014f1/internet-banking-ms-303308/internet-banking-user-service/src/main/java/com/javatodev/finance/model/repository/UserRepository.java
2026-01-07 07:20:55,121 - Knowledge - INFO - Fast-tracked /app/data/T0015/303308/b3014f1/internet-banking-ms-303308/internet-banking-utility-payment-service/settings.gradle (ext=.gradle, size=62)
2026-01-07 07:20:55,186 - Knowledge - INFO - Progress: 24.0% | Files: 49/146 | Rate: 1.73 files/sec | Queue: 51
2026-01-07 07:20:55,187 - Knowledge - INFO - Processing batch of 5 files
2026-01-07 07:20:55,187 - Knowledge - INFO - Processing batch of 4 files
2026-01-07 07:20:55,187 - Knowledge - INFO - Worker kw20 processing /app/data/T0015/303308/b3014f1/internet-banking-ms-303308/internet-banking-api-gateway/src/main/java/com/javatodev/finance/configuration/GatewayConfiguration.java
2026-01-07 07:20:55,187 - Knowledge - INFO - Async storing batch of 5 embeddings
2026-01-07 07:20:55,188 - Knowledge - INFO - [WEBSOCKET] Sent: Type=progress_update, Size: 291, Duration: 0ms
2026-01-07 07:20:55,310 - Knowledge - INFO - process ingested knowledge for /app/data/T0015/303308/b3014f1/internet-banking-ms-303308/internet-banking-fund-transfer-service/build.gradle
2026-01-07 07:20:55,600 - Knowledge - INFO - Fast-tracked /app/data/T0015/303308/b3014f1/internet-banking-ms-303308/internet-banking-utility-payment-service/src/main/java/com/javatodev/finance/controller/UtilityPaymentController.java (ext=.java, size=926)
2026-01-07 07:20:55,706 - Knowledge - INFO - Fast-tracked /app/data/T0015/303308/b3014f1/internet-banking-ms-303308/internet-banking-utility-payment-service/src/main/java/com/javatodev/finance/model/TransactionStatus.java (ext=.java, size=113)
2026-01-07 07:20:55,790 - Knowledge - INFO - Fast-tracked /app/data/T0015/303308/b3014f1/internet-banking-ms-303308/internet-banking-utility-payment-service/src/main/java/com/javatodev/finance/model/rest/response/UtilityPaymentResponse.java (ext=.java, size=213)
2026-01-07 07:20:55,901 - Knowledge - INFO - process ingested knowledge for /app/data/T0015/303308/b3014f1/internet-banking-ms-303308/internet-banking-user-service/src/main/java/com/javatodev/finance/configuration/CustomFeignErrorDecoder.java
2026-01-07 07:20:56,063 - Knowledge - INFO - Fast-tracked /app/data/T0015/303308/b3014f1/internet-banking-ms-303308/internet-banking-utility-payment-service/src/main/java/com/javatodev/finance/model/entity/UtilityPaymentEntity.java (ext=.java, size=615)
2026-01-07 07:20:56,173 - Knowledge - INFO - Fast-tracked /app/data/T0015/303308/b3014f1/internet-banking-ms-303308/internet-banking-utility-payment-service/src/main/java/com/javatodev/finance/exception/ErrorResponse.java (ext=.java, size=219)
2026-01-07 07:20:56,253 - Knowledge - INFO - process ingested knowledge for /app/data/T0015/303308/b3014f1/internet-banking-ms-303308/internet-banking-user-service/src/main/java/com/javatodev/finance/model/rest/response/AccountResponse.java
2026-01-07 07:20:56,343 - Knowledge - INFO - Worker kw19 processing /app/data/T0015/303308/b3014f1/internet-banking-ms-303308/internet-banking-utility-payment-service/build.gradle
2026-01-07 07:20:56,424 - Knowledge - INFO - [kw3] Queue=47, InProgress=0, PendingWorkers=20/20, Completed=58/146 (39.7%)
2026-01-07 07:20:56,497 - Knowledge - INFO - process ingested knowledge for /app/data/T0015/303308/b3014f1/internet-banking-ms-303308/internet-banking-user-service/src/main/java/com/javatodev/finance/model/entity/UserEntity.java
2026-01-07 07:20:56,576 - Knowledge - INFO - process ingested knowledge for /app/data/T0015/303308/b3014f1/internet-banking-ms-303308/internet-banking-user-service/src/main/java/com/javatodev/finance/exception/ErrorResponse.java
2026-01-07 07:20:56,649 - Knowledge - INFO - Fast-tracked /app/data/T0015/303308/b3014f1/internet-banking-ms-303308/internet-banking-api-gateway/src/main/java/com/javatodev/finance/configuration/GatewayConfiguration.java (ext=.java, size=1080)
2026-01-07 07:20:56,740 - Knowledge - INFO - Worker kw2 processing /app/data/T0015/303308/b3014f1/internet-banking-ms-303308/internet-banking-api-gateway/settings.gradle
2026-01-07 07:20:56,849 - Knowledge - INFO - Processing batch of 5 files
2026-01-07 07:20:56,849 - Knowledge - INFO - Processing batch of 4 files
2026-01-07 07:20:56,850 - Knowledge - INFO - [LLM_CALL] Completed: UserService.java:chunk1, Duration: 6580ms, PromptTokens: 2612, CompletionTokens: 661, Cost: $0.00053
2026-01-07 07:20:57,104 - Knowledge - INFO - Fast-tracked /app/data/T0015/303308/b3014f1/internet-banking-ms-303308/internet-banking-utility-payment-service/src/main/java/com/javatodev/finance/service/UtilityPaymentService.java (small file (2446 bytes))
2026-01-07 07:20:57,182 - Knowledge - INFO - Worker kw16 processing /app/data/T0015/303308/b3014f1/internet-banking-ms-303308/internet-banking-utility-payment-service/src/main/java/com/javatodev/finance/model/mapper/BaseMapper.java
2026-01-07 07:20:57,251 - Knowledge - INFO - process ingested knowledge for /app/data/T0015/303308/b3014f1/internet-banking-ms-303308/internet-banking-user-service/src/main/java/com/javatodev/finance/configuration/KeycloakManager.java
2026-01-07 07:20:57,345 - Knowledge - INFO - Worker kw17 processing /app/data/T0015/303308/b3014f1/internet-banking-ms-303308/internet-banking-utility-payment-service/src/main/java/com/javatodev/finance/model/dto/UtilityPayment.java
2026-01-07 07:20:57,427 - Knowledge - INFO - Worker kw18 processing /app/data/T0015/303308/b3014f1/internet-banking-ms-303308/internet-banking-utility-payment-service/src/main/resources/application.yml
2026-01-07 07:20:57,548 - Knowledge - INFO - process ingested knowledge for /app/data/T0015/303308/b3014f1/internet-banking-ms-303308/internet-banking-user-service/src/main/java/com/javatodev/finance/model/rest/response/UserResponse.java
2026-01-07 07:20:57,640 - Knowledge - INFO - Fast-tracked /app/data/T0015/303308/b3014f1/internet-banking-ms-303308/internet-banking-utility-payment-service/build.gradle (ext=.gradle, size=1342)
2026-01-07 07:20:57,710 - Knowledge - INFO - Batch sizing: calculated=4, max_allowed=10, queue=47, active_workers=20/20
2026-01-07 07:20:57,786 - Knowledge - INFO - process ingested knowledge for /app/data/T0015/303308/b3014f1/internet-banking-ms-303308/internet-banking-user-service/src/main/java/com/javatodev/finance/model/dto/Status.java
2026-01-07 07:20:57,877 - Knowledge - INFO - process ingested knowledge for /app/data/T0015/303308/b3014f1/internet-banking-ms-303308/internet-banking-user-service/src/main/java/com/javatodev/finance/exception/EntityNotFoundException.java
2026-01-07 07:20:57,953 - Knowledge - INFO - Worker kw20 processing /app/data/T0015/303308/b3014f1/internet-banking-ms-303308/internet-banking-api-gateway/src/main/java/com/javatodev/finance/InternetBankingApiGatewayApplication.java
2026-01-07 07:20:58,035 - Knowledge - INFO - Fast-tracked /app/data/T0015/303308/b3014f1/internet-banking-ms-303308/internet-banking-api-gateway/settings.gradle (ext=.gradle, size=50)
2026-01-07 07:20:58,103 - Knowledge - INFO - process ingested knowledge for /app/data/T0015/303308/b3014f1/internet-banking-ms-303308/internet-banking-user-service/src/main/java/com/javatodev/finance/exception/SimpleBankingGlobalException.java
2026-01-07 07:20:58,184 - Knowledge - INFO - process ingested knowledge for /app/data/T0015/303308/b3014f1/internet-banking-ms-303308/internet-banking-user-service/src/main/resources/bootstrap.yml
2026-01-07 07:20:58,273 - Knowledge - INFO - done ingest for /app/data/T0015/303308/b3014f1/internet-banking-ms-303308/internet-banking-user-service/src/main/java/com/javatodev/finance/service/UserService.java
2026-01-07 07:20:58,274 - Knowledge - INFO - Async storing batch of 5 embeddings
2026-01-07 07:20:58,275 - Knowledge - INFO - [WEBSOCKET] Sent: Type=unknown, Size: ?, Duration: 3087ms
2026-01-07 07:20:58,470 - Knowledge - INFO - Fast-tracked /app/data/T0015/303308/b3014f1/internet-banking-ms-303308/internet-banking-utility-payment-service/src/main/java/com/javatodev/finance/model/mapper/BaseMapper.java (ext=.java, size=1330)
2026-01-07 07:20:58,623 - Knowledge - INFO - Fast-tracked /app/data/T0015/303308/b3014f1/internet-banking-ms-303308/internet-banking-utility-payment-service/src/main/java/com/javatodev/finance/model/dto/UtilityPayment.java (ext=.java, size=347)
2026-01-07 07:20:58,701 - Knowledge - INFO - Fast-tracked /app/data/T0015/303308/b3014f1/internet-banking-ms-303308/internet-banking-utility-payment-service/src/main/resources/application.yml (ext=.yml, size=75)
2026-01-07 07:20:58,788 - Knowledge - INFO - process ingested knowledge for /app/data/T0015/303308/b3014f1/internet-banking-ms-303308/internet-banking-user-service/src/main/java/com/javatodev/finance/model/mapper/BaseMapper.java
2026-01-07 07:20:58,869 - Knowledge - INFO - Worker kw19 processing /app/data/T0015/303308/b3014f1/internet-banking-ms-303308/internet-banking-api-gateway/src/test/java/com/javatodev/finance/InternetBankingApiGatewayApplicationTests.java
2026-01-07 07:20:59,053 - Knowledge - INFO - process ingested knowledge for /app/data/T0015/303308/b3014f1/internet-banking-ms-303308/internet-banking-user-service/src/main/java/com/javatodev/finance/model/dto/UserUpdateRequest.java
2026-01-07 07:20:59,133 - Knowledge - INFO - process ingested knowledge for /app/data/T0015/303308/b3014f1/internet-banking-ms-303308/internet-banking-user-service/src/main/java/com/javatodev/finance/exception/InvalidBankingUserException.java
2026-01-07 07:20:59,219 - Knowledge - INFO - Fast-tracked /app/data/T0015/303308/b3014f1/internet-banking-ms-303308/internet-banking-api-gateway/src/main/java/com/javatodev/finance/InternetBankingApiGatewayApplication.java (ext=.java, size=452)
2026-01-07 07:20:59,297 - Knowledge - INFO - Worker kw2 processing /app/data/T0015/303308/b3014f1/internet-banking-ms-303308/internet-banking-api-gateway/build.gradle
2026-01-07 07:20:59,385 - Knowledge - INFO - process ingested knowledge for /app/data/T0015/303308/b3014f1/internet-banking-ms-303308/internet-banking-user-service/src/main/java/com/javatodev/finance/exception/GlobalErrorCode.java
2026-01-07 07:20:59,452 - Knowledge - INFO - process ingested knowledge for /app/data/T0015/303308/b3014f1/internet-banking-ms-303308/internet-banking-user-service/settings.gradle
2026-01-07 07:20:59,646 - Knowledge - INFO - Worker kw1 processing /app/data/T0015/303308/b3014f1/internet-banking-ms-303308/core-banking-service/src/main/java/com/javatodev/finance/repository/TransactionRepository.java
2026-01-07 07:20:59,767 - Knowledge - INFO - Progress: 33.6% | Files: 71/146 | Rate: 2.24 files/sec | Queue: 43
2026-01-07 07:20:59,767 - Knowledge - INFO - Processing batch of 4 files
2026-01-07 07:20:59,767 - Knowledge - INFO - Processing batch of 4 files
2026-01-07 07:20:59,768 - Knowledge - INFO - Async storing batch of 5 embeddings
2026-01-07 07:20:59,768 - Knowledge - INFO - Processing batch of 5 files
2026-01-07 07:20:59,768 - Knowledge - INFO - [kw6] Queue=43, InProgress=0, PendingWorkers=20/20, Completed=71/146 (48.6%)
2026-01-07 07:20:59,768 - Knowledge - INFO - [WEBSOCKET] Sent: Type=progress_update, Size: 289, Duration: 1ms
2026-01-07 07:20:59,902 - Knowledge - INFO - Worker kw17 processing /app/data/T0015/303308/b3014f1/internet-banking-ms-303308/internet-banking-utility-payment-service/src/main/java/com/javatodev/finance/exception/SimpleBankingGlobalException.java
2026-01-07 07:21:00,009 - Knowledge - INFO - Worker kw18 processing /app/data/T0015/303308/b3014f1/internet-banking-ms-303308/internet-banking-utility-payment-service/src/main/resources/bootstrap.yml
2026-01-07 07:21:00,081 - Knowledge - INFO - process ingested knowledge for /app/data/T0015/303308/b3014f1/internet-banking-ms-303308/internet-banking-user-service/src/main/java/com/javatodev/finance/model/mapper/UserMapper.java
2026-01-07 07:21:00,186 - Knowledge - INFO - Fast-tracked /app/data/T0015/303308/b3014f1/internet-banking-ms-303308/internet-banking-api-gateway/src/test/java/com/javatodev/finance/InternetBankingApiGatewayApplicationTests.java (ext=.java, size=241)
2026-01-07 07:21:00,293 - Knowledge - INFO - process ingested knowledge for /app/data/T0015/303308/b3014f1/internet-banking-ms-303308/internet-banking-user-service/src/main/java/com/javatodev/finance/model/dto/User.java
2026-01-07 07:21:00,358 - Knowledge - INFO - process ingested knowledge for /app/data/T0015/303308/b3014f1/internet-banking-ms-303308/internet-banking-user-service/src/main/resources/application.yml
2026-01-07 07:21:00,455 - Knowledge - INFO - Worker kw20 processing /app/data/T0015/303308/b3014f1/internet-banking-ms-303308/internet-banking-api-gateway/src/main/resources/application.yml
2026-01-07 07:21:00,542 - Knowledge - INFO - Fast-tracked /app/data/T0015/303308/b3014f1/internet-banking-ms-303308/internet-banking-api-gateway/build.gradle (ext=.gradle, size=1380)
2026-01-07 07:21:00,622 - Knowledge - INFO - process ingested knowledge for /app/data/T0015/303308/b3014f1/internet-banking-ms-303308/internet-banking-user-service/src/main/java/com/javatodev/finance/exception/GlobalExceptionHandler.java
2026-01-07 07:21:00,697 - Knowledge - INFO - process ingested knowledge for /app/data/T0015/303308/b3014f1/internet-banking-ms-303308/internet-banking-user-service/build.gradle
2026-01-07 07:21:00,798 - Knowledge - INFO - Fast-tracked /app/data/T0015/303308/b3014f1/internet-banking-ms-303308/core-banking-service/src/main/java/com/javatodev/finance/repository/TransactionRepository.java (ext=.java, size=256)
2026-01-07 07:21:00,914 - Knowledge - INFO - [kw4] Queue=43, InProgress=0, PendingWorkers=20/20, Completed=75/146 (51.4%)
2026-01-07 07:21:00,999 - Knowledge - INFO - process ingested knowledge for /app/data/T0015/303308/b3014f1/internet-banking-ms-303308/internet-banking-utility-payment-service/src/test/resources/application.yml
2026-01-07 07:21:01,083 - Knowledge - INFO - process ingested knowledge for /app/data/T0015/303308/b3014f1/internet-banking-ms-303308/internet-banking-utility-payment-service/src/main/java/com/javatodev/finance/InternetBankingUtilityPaymentServiceApplication.java
2026-01-07 07:21:01,186 - Knowledge - INFO - Worker kw3 processing /app/data/T0015/303308/b3014f1/internet-banking-ms-303308/core-banking-service/src/main/java/com/javatodev/finance/CoreBankingServiceApplication.java
2026-01-07 07:21:01,262 - Knowledge - INFO - process ingested knowledge for /app/data/T0015/303308/b3014f1/internet-banking-ms-303308/internet-banking-user-service/src/main/java/com/javatodev/finance/configuration/CustomFeignClientConfiguration.java
2026-01-07 07:21:01,333 - Knowledge - INFO - Batch sizing: calculated=4, max_allowed=10, queue=43, active_workers=20/20
2026-01-07 07:21:01,411 - Knowledge - INFO - Processing batch of 4 files
2026-01-07 07:21:01,412 - Knowledge - INFO - [WEBSOCKET] Sent: Type=unknown, Size: ?, Duration: 0ms
2026-01-07 07:21:01,483 - Knowledge - INFO - Fast-tracked /app/data/T0015/303308/b3014f1/internet-banking-ms-303308/internet-banking-utility-payment-service/src/main/java/com/javatodev/finance/exception/SimpleBankingGlobalException.java (ext=.java, size=423)
2026-01-07 07:21:01,564 - Knowledge - INFO - Fast-tracked /app/data/T0015/303308/b3014f1/internet-banking-ms-303308/internet-banking-utility-payment-service/src/main/resources/bootstrap.yml (ext=.yml, size=62)
2026-01-07 07:21:01,723 - Knowledge - INFO - Worker kw19 processing /app/data/T0015/303308/b3014f1/internet-banking-ms-303308/internet-banking-api-gateway/src/main/java/com/javatodev/finance/configuration/security/SecurityConfiguration.java
2026-01-07 07:21:01,814 - Knowledge - INFO - process ingested knowledge for /app/data/T0015/303308/b3014f1/internet-banking-ms-303308/internet-banking-user-service/src/main/java/com/javatodev/finance/InternetBankingUserServiceApplication.java
2026-01-07 07:21:01,959 - Knowledge - INFO - Fast-tracked /app/data/T0015/303308/b3014f1/internet-banking-ms-303308/internet-banking-api-gateway/src/main/resources/application.yml (ext=.yml, size=62)
2026-01-07 07:21:02,047 - Knowledge - INFO - Worker kw2 processing /app/data/T0015/303308/b3014f1/internet-banking-ms-303308/core-banking-service/src/test/java/com/javatodev/finance/CoreBankingServiceApplicationTests.java
2026-01-07 07:21:02,136 - Knowledge - INFO - process ingested knowledge for /app/data/T0015/303308/b3014f1/internet-banking-ms-303308/internet-banking-user-service/src/main/java/com/javatodev/finance/exception/InvalidEmailException.java
2026-01-07 07:21:02,208 - Knowledge - INFO - process ingested knowledge for /app/data/T0015/303308/b3014f1/internet-banking-ms-303308/internet-banking-utility-payment-service/src/test/java/com/javatodev/finance/InternetBankingUtilityPaymentServiceApplicationTests.java
2026-01-07 07:21:02,281 - Knowledge - INFO - Worker kw1 processing /app/data/T0015/303308/b3014f1/internet-banking-ms-303308/core-banking-service/src/main/java/com/javatodev/finance/repository/UtilityAccountRepository.java
2026-01-07 07:21:02,349 - Knowledge - INFO - Batch sizing: calculated=4, max_allowed=10, queue=43, active_workers=20/20
2026-01-07 07:21:02,419 - Knowledge - INFO - process ingested knowledge for /app/data/T0015/303308/b3014f1/internet-banking-ms-303308/internet-banking-utility-payment-service/src/main/java/com/javatodev/finance/repository/UtilityPaymentRepository.java
2026-01-07 07:21:02,487 - Knowledge - INFO - process ingested knowledge for /app/data/T0015/303308/b3014f1/internet-banking-ms-303308/internet-banking-utility-payment-service/src/main/java/com/javatodev/finance/service/rest/BankingCoreRestClient.java
2026-01-07 07:21:02,564 - Knowledge - INFO - Fast-tracked /app/data/T0015/303308/b3014f1/internet-banking-ms-303308/core-banking-service/src/main/java/com/javatodev/finance/CoreBankingServiceApplication.java (ext=.java, size=438)
2026-01-07 07:21:02,629 - Knowledge - INFO - process ingested knowledge for /app/data/T0015/303308/b3014f1/internet-banking-ms-303308/internet-banking-user-service/src/main/java/com/javatodev/finance/controller/UserController.java
2026-01-07 07:21:02,782 - Knowledge - INFO - process ingested knowledge for /app/data/T0015/303308/b3014f1/internet-banking-ms-303308/internet-banking-utility-payment-service/src/main/java/com/javatodev/finance/model/rest/request/UtilityPaymentRequest.java
2026-01-07 07:21:02,882 - Knowledge - INFO - Progress: 42.5% | Files: 75/146 | Rate: 2.16 files/sec | Queue: 39
2026-01-07 07:21:02,883 - Knowledge - INFO - [WEBSOCKET] Sent: Type=progress_update, Size: 270, Duration: 1471ms
2026-01-07 07:21:03,180 - Knowledge - INFO - Fast-tracked /app/data/T0015/303308/b3014f1/internet-banking-ms-303308/internet-banking-api-gateway/src/main/java/com/javatodev/finance/configuration/security/SecurityConfiguration.java (ext=.java, size=1117)
2026-01-07 07:21:03,365 - Knowledge - INFO - Worker kw20 processing /app/data/T0015/303308/b3014f1/internet-banking-ms-303308/internet-banking-api-gateway/src/main/resources/bootstrap.yml
2026-01-07 07:21:03,483 - Knowledge - INFO - Fast-tracked /app/data/T0015/303308/b3014f1/internet-banking-ms-303308/core-banking-service/src/test/java/com/javatodev/finance/CoreBankingServiceApplicationTests.java (ext=.java, size=234)
2026-01-07 07:21:03,595 - Knowledge - INFO - process ingested knowledge for /app/data/T0015/303308/b3014f1/internet-banking-ms-303308/internet-banking-user-service/src/main/java/com/javatodev/finance/exception/UserAlreadyRegisteredException.java
2026-01-07 07:21:03,681 - Knowledge - INFO - Fast-tracked /app/data/T0015/303308/b3014f1/internet-banking-ms-303308/core-banking-service/src/main/java/com/javatodev/finance/repository/UtilityAccountRepository.java (ext=.java, size=366)
2026-01-07 07:21:03,868 - Knowledge - INFO - process ingested knowledge for /app/data/T0015/303308/b3014f1/internet-banking-ms-303308/internet-banking-utility-payment-service/src/main/java/com/javatodev/finance/configuration/CustomFeignClientConfiguration.java
2026-01-07 07:21:03,944 - Knowledge - INFO - process ingested knowledge for /app/data/T0015/303308/b3014f1/internet-banking-ms-303308/internet-banking-utility-payment-service/src/main/java/com/javatodev/finance/service/UtilityPaymentService.java
2026-01-07 07:21:04,036 - Knowledge - INFO - Worker kw3 processing /app/data/T0015/303308/b3014f1/internet-banking-ms-303308/core-banking-service/src/main/java/com/javatodev/finance/controller/TransactionController.java
2026-01-07 07:21:04,104 - Knowledge - INFO - process ingested knowledge for /app/data/T0015/303308/b3014f1/internet-banking-ms-303308/internet-banking-user-service/src/main/java/com/javatodev/finance/service/UserService.java
2026-01-07 07:21:04,229 - Knowledge - INFO - process ingested knowledge for /app/data/T0015/303308/b3014f1/internet-banking-ms-303308/internet-banking-utility-payment-service/src/main/java/com/javatodev/finance/model/rest/response/AccountResponse.java
2026-01-07 07:21:04,305 - Knowledge - INFO - [kw5] Queue=35, InProgress=0, PendingWorkers=20/20, Completed=83/146 (56.8%)
2026-01-07 07:21:04,380 - Knowledge - INFO - [kw12] Queue=35, InProgress=0, PendingWorkers=20/20, Completed=83/146 (56.8%)
2026-01-07 07:21:04,381 - Knowledge - INFO - Processing batch of 4 files
2026-01-07 07:21:04,381 - Knowledge - INFO - Processing batch of 4 files
2026-01-07 07:21:04,381 - Knowledge - INFO - Async storing batch of 5 embeddings
2026-01-07 07:21:04,381 - Knowledge - INFO - [kw9] Queue=35, InProgress=0, PendingWorkers=20/20, Completed=83/146 (56.8%)
2026-01-07 07:21:04,381 - Knowledge - INFO - Progress: 51.4% | Files: 83/146 | Rate: 2.19 files/sec | Queue: 35
2026-01-07 07:21:04,382 - Knowledge - INFO - Async storing batch of 5 embeddings
2026-01-07 07:21:04,382 - Knowledge - INFO - [kw10] Queue=35, InProgress=0, PendingWorkers=20/20, Completed=83/146 (56.8%)
2026-01-07 07:21:04,382 - Knowledge - INFO - [kw13] Queue=35, InProgress=0, PendingWorkers=20/20, Completed=83/146 (56.8%)
2026-01-07 07:21:04,477 - Knowledge - INFO - Processing batch of 4 files
2026-01-07 07:21:04,572 - Knowledge - INFO - Fast-tracked /app/data/T0015/303308/b3014f1/internet-banking-ms-303308/internet-banking-api-gateway/src/main/resources/bootstrap.yml (ext=.yml, size=62)
2026-01-07 07:21:04,642 - Knowledge - INFO - Worker kw2 processing /app/data/T0015/303308/b3014f1/internet-banking-ms-303308/core-banking-service/src/test/resources/application.yml
2026-01-07 07:21:04,824 - Knowledge - INFO - Worker kw1 processing /app/data/T0015/303308/b3014f1/internet-banking-ms-303308/core-banking-service/src/main/java/com/javatodev/finance/repository/BankAccountRepository.java
2026-01-07 07:21:04,925 - Knowledge - INFO - process ingested knowledge for /app/data/T0015/303308/b3014f1/internet-banking-ms-303308/internet-banking-utility-payment-service/src/main/java/com/javatodev/finance/controller/UtilityPaymentController.java
2026-01-07 07:21:05,017 - Knowledge - INFO - process ingested knowledge for /app/data/T0015/303308/b3014f1/internet-banking-ms-303308/internet-banking-utility-payment-service/src/main/java/com/javatodev/finance/model/TransactionStatus.java
2026-01-07 07:21:05,088 - Knowledge - INFO - Fast-tracked /app/data/T0015/303308/b3014f1/internet-banking-ms-303308/core-banking-service/src/main/java/com/javatodev/finance/controller/TransactionController.java (ext=.java, size=1456)
2026-01-07 07:21:05,091 - Knowledge - INFO - [WEBSOCKET] Sent: Type=progress_update, Size: 271, Duration: 0ms
2026-01-07 07:21:05,215 - Knowledge - INFO - process ingested knowledge for /app/data/T0015/303308/b3014f1/internet-banking-ms-303308/internet-banking-user-service/src/main/java/com/javatodev/finance/service/rest/BankingCoreRestClient.java
2026-01-07 07:21:05,289 - Knowledge - INFO - process ingested knowledge for /app/data/T0015/303308/b3014f1/internet-banking-ms-303308/internet-banking-utility-payment-service/src/main/java/com/javatodev/finance/model/rest/response/UtilityPaymentResponse.java
2026-01-07 07:21:05,381 - Knowledge - INFO - Batch sizing: calculated=4, max_allowed=10, queue=35, active_workers=20/20
2026-01-07 07:21:05,447 - Knowledge - INFO - Batch sizing: calculated=4, max_allowed=10, queue=35, active_workers=20/20
2026-01-07 07:21:05,514 - Knowledge - INFO - process ingested knowledge for /app/data/T0015/303308/b3014f1/internet-banking-ms-303308/internet-banking-utility-payment-service/src/main/java/com/javatodev/finance/model/mapper/UtilityPaymentMapper.java
2026-01-07 07:21:05,627 - Knowledge - INFO - process ingested knowledge for /app/data/T0015/303308/b3014f1/internet-banking-ms-303308/internet-banking-utility-payment-service/src/main/java/com/javatodev/finance/exception/GlobalExceptionHandler.java
2026-01-07 07:21:05,759 - Knowledge - INFO - Worker kw4 processing /app/data/T0015/303308/b3014f1/internet-banking-ms-303308/core-banking-service/src/main/java/com/javatodev/finance/model/AccountStatus.java
2026-01-07 07:21:05,836 - Knowledge - INFO - Batch sizing: calculated=4, max_allowed=10, queue=35, active_workers=20/20
2026-01-07 07:21:05,906 - Knowledge - INFO - [kw7] Queue=35, InProgress=0, PendingWorkers=20/20, Completed=87/146 (59.6%)
2026-01-07 07:21:05,990 - Knowledge - INFO - Worker kw6 processing /app/data/T0015/303308/b3014f1/internet-banking-ms-303308/core-banking-service/src/main/java/com/javatodev/finance/service/UserService.java
2026-01-07 07:21:06,072 - Knowledge - INFO - Batch sizing: calculated=4, max_allowed=10, queue=35, active_workers=20/20
2026-01-07 07:21:06,149 - Knowledge - INFO - Batch sizing: calculated=4, max_allowed=10, queue=35, active_workers=20/20
2026-01-07 07:21:06,223 - Knowledge - INFO - process ingested knowledge for /app/data/T0015/303308/b3014f1/internet-banking-ms-303308/internet-banking-utility-payment-service/settings.gradle
2026-01-07 07:21:06,431 - Knowledge - INFO - Fast-tracked /app/data/T0015/303308/b3014f1/internet-banking-ms-303308/core-banking-service/src/test/resources/application.yml (ext=.yml, size=473)
2026-01-07 07:21:06,508 - Knowledge - INFO - Fast-tracked /app/data/T0015/303308/b3014f1/internet-banking-ms-303308/core-banking-service/src/main/java/com/javatodev/finance/repository/BankAccountRepository.java (ext=.java, size=353)
2026-01-07 07:21:06,758 - Knowledge - INFO - Worker kw3 processing /app/data/T0015/303308/b3014f1/internet-banking-ms-303308/core-banking-service/src/main/java/com/javatodev/finance/controller/AccountController.java
2026-01-07 07:21:06,848 - Knowledge - INFO - Processing batch of 4 files
2026-01-07 07:21:06,848 - Knowledge - INFO - [WEBSOCKET] Sent: Type=unknown, Size: ?, Duration: 1757ms
2026-01-07 07:21:06,994 - Knowledge - INFO - process ingested knowledge for /app/data/T0015/303308/b3014f1/internet-banking-ms-303308/internet-banking-user-service/src/main/java/com/javatodev/finance/service/KeycloakUserService.java
2026-01-07 07:21:07,068 - Knowledge - INFO - process ingested knowledge for /app/data/T0015/303308/b3014f1/internet-banking-ms-303308/internet-banking-utility-payment-service/src/main/java/com/javatodev/finance/model/mapper/BaseMapper.java
2026-01-07 07:21:07,253 - Knowledge - INFO - process ingested knowledge for /app/data/T0015/303308/b3014f1/internet-banking-ms-303308/internet-banking-utility-payment-service/src/main/java/com/javatodev/finance/model/entity/UtilityPaymentEntity.java
2026-01-07 07:21:07,322 - Knowledge - INFO - process ingested knowledge for /app/data/T0015/303308/b3014f1/internet-banking-ms-303308/internet-banking-utility-payment-service/src/main/java/com/javatodev/finance/exception/ErrorResponse.java
2026-01-07 07:21:07,438 - Knowledge - INFO - Fast-tracked /app/data/T0015/303308/b3014f1/internet-banking-ms-303308/core-banking-service/src/main/java/com/javatodev/finance/model/AccountStatus.java (ext=.java, size=103)
2026-01-07 07:21:07,591 - Knowledge - INFO - Batch sizing: calculated=4, max_allowed=10, queue=35, active_workers=20/20
2026-01-07 07:21:07,671 - Knowledge - INFO - Fast-tracked /app/data/T0015/303308/b3014f1/internet-banking-ms-303308/core-banking-service/src/main/java/com/javatodev/finance/service/UserService.java (ext=.java, size=1034)
2026-01-07 07:21:07,931 - Knowledge - INFO - process ingested knowledge for /app/data/T0015/303308/b3014f1/internet-banking-ms-303308/internet-banking-utility-payment-service/build.gradle
2026-01-07 07:21:08,022 - Knowledge - INFO - Async storage completed for 5 embeddings
2026-01-07 07:21:08,136 - Knowledge - INFO - Worker kw1 processing /app/data/T0015/303308/b3014f1/internet-banking-ms-303308/core-banking-service/src/main/java/com/javatodev/finance/repository/UserRepository.java
2026-01-07 07:21:08,208 - Knowledge - INFO - Fast-tracked /app/data/T0015/303308/b3014f1/internet-banking-ms-303308/core-banking-service/src/main/java/com/javatodev/finance/controller/AccountController.java (ext=.java, size=1241)
2026-01-07 07:21:08,274 - Knowledge - INFO - process ingested knowledge for /app/data/T0015/303308/b3014f1/internet-banking-ms-303308/internet-banking-api-gateway/src/main/java/com/javatodev/finance/configuration/GatewayConfiguration.java
2026-01-07 07:21:08,349 - Knowledge - INFO - Progress: 59.6% | Files: 91/146 | Rate: 2.19 files/sec | Queue: 15
2026-01-07 07:21:08,350 - Knowledge - INFO - Async storing batch of 4 embeddings
2026-01-07 07:21:08,350 - Knowledge - INFO - Async storing batch of 5 embeddings
2026-01-07 07:21:08,350 - Knowledge - INFO - Async storing batch of 4 embeddings
2026-01-07 07:21:08,350 - Knowledge - INFO - [kw14] Queue=15, InProgress=0, PendingWorkers=20/20, Completed=91/146 (62.3%)
2026-01-07 07:21:08,351 - Knowledge - INFO - Async storing batch of 5 embeddings
2026-01-07 07:21:08,351 - Knowledge - INFO - Async storing batch of 5 embeddings
2026-01-07 07:21:08,351 - Knowledge - INFO - [WEBSOCKET] Sent: Type=progress_update, Size: 271, Duration: 0ms
2026-01-07 07:21:08,716 - Knowledge - INFO - process ingested knowledge for /app/data/T0015/303308/b3014f1/internet-banking-ms-303308/internet-banking-utility-payment-service/src/main/java/com/javatodev/finance/model/dto/UtilityPayment.java
2026-01-07 07:21:08,814 - Knowledge - INFO - process ingested knowledge for /app/data/T0015/303308/b3014f1/internet-banking-ms-303308/internet-banking-utility-payment-service/src/main/resources/application.yml
2026-01-07 07:21:08,853 - Knowledge - INFO - Worker kw4 processing /app/data/T0015/303308/b3014f1/internet-banking-ms-303308/core-banking-service/src/main/java/com/javatodev/finance/model/mapper/BaseMapper.java
2026-01-07 07:21:09,005 - Knowledge - INFO - Worker kw6 processing /app/data/T0015/303308/b3014f1/internet-banking-ms-303308/core-banking-service/src/main/java/com/javatodev/finance/service/AccountService.java
2026-01-07 07:21:09,078 - Knowledge - INFO - process ingested knowledge for /app/data/T0015/303308/b3014f1/internet-banking-ms-303308/internet-banking-api-gateway/src/test/java/com/javatodev/finance/InternetBankingApiGatewayApplicationTests.java
2026-01-07 07:21:09,239 - Knowledge - INFO - Fast-tracked /app/data/T0015/303308/b3014f1/internet-banking-ms-303308/core-banking-service/src/main/java/com/javatodev/finance/repository/UserRepository.java (ext=.java, size=346)
2026-01-07 07:21:09,314 - Knowledge - INFO - Worker kw3 processing /app/data/T0015/303308/b3014f1/internet-banking-ms-303308/core-banking-service/src/main/java/com/javatodev/finance/controller/UserController.java
2026-01-07 07:21:09,398 - Knowledge - INFO - process ingested knowledge for /app/data/T0015/303308/b3014f1/internet-banking-ms-303308/internet-banking-api-gateway/src/main/java/com/javatodev/finance/InternetBankingApiGatewayApplication.java
2026-01-07 07:21:09,477 - Knowledge - INFO - [kw11] Queue=11, InProgress=0, PendingWorkers=20/20, Completed=95/146 (65.1%)
2026-01-07 07:21:09,564 - Knowledge - INFO - Worker kw12 processing /app/data/T0015/303308/b3014f1/internet-banking-ms-303308/core-banking-service/src/main/java/com/javatodev/finance/model/entity/TransactionEntity.java
2026-01-07 07:21:09,632 - Knowledge - INFO - Worker kw10 processing /app/data/T0015/303308/b3014f1/internet-banking-ms-303308/core-banking-service/src/main/java/com/javatodev/finance/model/dto/response/UtilityPaymentResponse.java
2026-01-07 07:21:09,706 - Knowledge - INFO - Worker kw13 processing /app/data/T0015/303308/b3014f1/internet-banking-ms-303308/core-banking-service/src/main/java/com/javatodev/finance/exception/InsufficientFundsException.java
2026-01-07 07:21:09,793 - Knowledge - INFO - Batch sizing: calculated=4, max_allowed=10, queue=15, active_workers=20/20
2026-01-07 07:21:09,873 - Knowledge - INFO - Worker kw5 processing /app/data/T0015/303308/b3014f1/internet-banking-ms-303308/core-banking-service/src/main/java/com/javatodev/finance/model/mapper/BankAccountMapper.java
2026-01-07 07:21:09,958 - Knowledge - INFO - Worker kw9 processing /app/data/T0015/303308/b3014f1/internet-banking-ms-303308/core-banking-service/src/main/java/com/javatodev/finance/model/dto/request/UtilityPaymentRequest.java
2026-01-07 07:21:10,035 - Knowledge - INFO - Async storing batch of 5 embeddings
2026-01-07 07:21:10,036 - Knowledge - INFO - [kw8] Queue=11, InProgress=0, PendingWorkers=20/20, Completed=95/146 (65.1%)
2026-01-07 07:21:10,036 - Knowledge - INFO - Processing batch of 4 files
2026-01-07 07:21:10,036 - Knowledge - INFO - [WEBSOCKET] Sent: Type=unknown, Size: ?, Duration: 1686ms
2026-01-07 07:21:10,113 - Knowledge - INFO - process ingested knowledge for /app/data/T0015/303308/b3014f1/internet-banking-ms-303308/internet-banking-utility-payment-service/src/main/java/com/javatodev/finance/exception/SimpleBankingGlobalException.java
2026-01-07 07:21:10,196 - Knowledge - INFO - process ingested knowledge for /app/data/T0015/303308/b3014f1/internet-banking-ms-303308/internet-banking-utility-payment-service/src/main/resources/bootstrap.yml
2026-01-07 07:21:10,323 - Knowledge - INFO - Fast-tracked /app/data/T0015/303308/b3014f1/internet-banking-ms-303308/core-banking-service/src/main/java/com/javatodev/finance/model/mapper/BaseMapper.java (ext=.java, size=1330)
2026-01-07 07:21:10,397 - Knowledge - INFO - Fast-tracked /app/data/T0015/303308/b3014f1/internet-banking-ms-303308/core-banking-service/src/main/java/com/javatodev/finance/service/AccountService.java (ext=.java, size=1775)
2026-01-07 07:21:10,470 - Knowledge - INFO - process ingested knowledge for /app/data/T0015/303308/b3014f1/internet-banking-ms-303308/internet-banking-api-gateway/src/main/java/com/javatodev/finance/configuration/security/SecurityConfiguration.java
2026-01-07 07:21:10,572 - Knowledge - INFO - Async storage completed for 5 embeddings
2026-01-07 07:21:10,658 - Knowledge - INFO - Fast-tracked /app/data/T0015/303308/b3014f1/internet-banking-ms-303308/core-banking-service/src/main/java/com/javatodev/finance/controller/UserController.java (ext=.java, size=1026)
2026-01-07 07:21:10,736 - Knowledge - INFO - process ingested knowledge for /app/data/T0015/303308/b3014f1/internet-banking-ms-303308/internet-banking-api-gateway/src/main/resources/application.yml
2026-01-07 07:21:10,825 - Knowledge - INFO - Batch sizing: calculated=4, max_allowed=10, queue=11, active_workers=20/20
2026-01-07 07:21:10,906 - Knowledge - INFO - Fast-tracked /app/data/T0015/303308/b3014f1/internet-banking-ms-303308/core-banking-service/src/main/java/com/javatodev/finance/model/entity/TransactionEntity.java (ext=.java, size=750)
2026-01-07 07:21:10,982 - Knowledge - INFO - Fast-tracked /app/data/T0015/303308/b3014f1/internet-banking-ms-303308/core-banking-service/src/main/java/com/javatodev/finance/model/dto/response/UtilityPaymentResponse.java (ext=.java, size=246)
2026-01-07 07:21:11,055 - Knowledge - INFO - Fast-tracked /app/data/T0015/303308/b3014f1/internet-banking-ms-303308/core-banking-service/src/main/java/com/javatodev/finance/exception/InsufficientFundsException.java (ext=.java, size=228)
2026-01-07 07:21:11,239 - Knowledge - INFO - Fast-tracked /app/data/T0015/303308/b3014f1/internet-banking-ms-303308/core-banking-service/src/main/java/com/javatodev/finance/model/mapper/BankAccountMapper.java (ext=.java, size=834)
2026-01-07 07:21:11,304 - Knowledge - INFO - Fast-tracked /app/data/T0015/303308/b3014f1/internet-banking-ms-303308/core-banking-service/src/main/java/com/javatodev/finance/model/dto/request/UtilityPaymentRequest.java (ext=.java, size=272)
2026-01-07 07:21:11,376 - Knowledge - INFO - Worker kw7 processing /app/data/T0015/303308/b3014f1/internet-banking-ms-303308/core-banking-service/src/main/resources/application.yml
2026-01-07 07:21:11,444 - Knowledge - INFO - Batch sizing: calculated=4, max_allowed=10, queue=11, active_workers=20/20
2026-01-07 07:21:11,512 - Knowledge - INFO - process ingested knowledge for /app/data/T0015/303308/b3014f1/internet-banking-ms-303308/internet-banking-api-gateway/settings.gradle
2026-01-07 07:21:11,586 - Knowledge - INFO - Progress: 62.3% | Files: 95/146 | Rate: 2.12 files/sec | Queue: 7
2026-01-07 07:21:11,586 - Knowledge - INFO - Async storing batch of 4 embeddings
2026-01-07 07:21:11,586 - Knowledge - INFO - [WEBSOCKET] Sent: Type=progress_update, Size: 270, Duration: 0ms
2026-01-07 07:21:11,819 - Knowledge - INFO - Worker kw4 processing /app/data/T0015/303308/b3014f1/internet-banking-ms-303308/core-banking-service/src/main/java/com/javatodev/finance/model/mapper/UserMapper.java
2026-01-07 07:21:11,898 - Knowledge - INFO - Worker kw6 processing /app/data/T0015/303308/b3014f1/internet-banking-ms-303308/core-banking-service/src/main/java/com/javatodev/finance/service/TransactionService.java
2026-01-07 07:21:12,163 - Knowledge - INFO - Async storage completed for 5 embeddings
2026-01-07 07:21:12,245 - Knowledge - INFO - process ingested knowledge for /app/data/T0015/303308/b3014f1/internet-banking-ms-303308/internet-banking-api-gateway/src/main/resources/bootstrap.yml
2026-01-07 07:21:12,452 - Knowledge - INFO - Worker kw12 processing /app/data/T0015/303308/b3014f1/internet-banking-ms-303308/core-banking-service/src/main/java/com/javatodev/finance/model/dto/Transaction.java
2026-01-07 07:21:12,552 - Knowledge - INFO - Worker kw10 processing /app/data/T0015/303308/b3014f1/internet-banking-ms-303308/core-banking-service/src/main/java/com/javatodev/finance/model/AccountType.java
2026-01-07 07:21:12,664 - Knowledge - INFO - Worker kw13 processing /app/data/T0015/303308/b3014f1/internet-banking-ms-303308/core-banking-service/src/main/java/com/javatodev/finance/exception/GlobalExceptionHandler.java
2026-01-07 07:21:12,731 - Knowledge - INFO - Worker kw5 processing /app/data/T0015/303308/b3014f1/internet-banking-ms-303308/core-banking-service/src/main/java/com/javatodev/finance/model/entity/UserEntity.java
2026-01-07 07:21:12,806 - Knowledge - INFO - Worker kw9 processing /app/data/T0015/303308/b3014f1/internet-banking-ms-303308/core-banking-service/src/main/java/com/javatodev/finance/model/dto/request/FundTransferRequest.java
2026-01-07 07:21:12,890 - Knowledge - INFO - Fast-tracked /app/data/T0015/303308/b3014f1/internet-banking-ms-303308/core-banking-service/src/main/resources/application.yml (ext=.yml, size=54)
2026-01-07 07:21:13,065 - Knowledge - INFO - process ingested knowledge for /app/data/T0015/303308/b3014f1/internet-banking-ms-303308/internet-banking-api-gateway/build.gradle
2026-01-07 07:21:13,289 - Knowledge - INFO - Worker kw14 processing /app/data/T0015/303308/b3014f1/internet-banking-ms-303308/core-banking-service/src/main/resources/bootstrap.yml
2026-01-07 07:21:13,399 - Knowledge - INFO - Processing batch of 4 files
2026-01-07 07:21:13,410 - Knowledge - INFO - Async storing batch of 5 embeddings
2026-01-07 07:21:13,426 - Knowledge - INFO - Async storing batch of 5 embeddings
2026-01-07 07:21:13,432 - Knowledge - INFO - [WEBSOCKET] Sent: Type=unknown, Size: ?, Duration: 1846ms
2026-01-07 07:21:13,501 - Knowledge - INFO - Fast-tracked /app/data/T0015/303308/b3014f1/internet-banking-ms-303308/core-banking-service/src/main/java/com/javatodev/finance/model/mapper/UserMapper.java (ext=.java, size=1010)
2026-01-07 07:21:13,615 - Knowledge - INFO - Worker kw6 processing /app/data/T0015/303308/b3014f1/internet-banking-ms-303308/core-banking-service/src/main/java/com/javatodev/finance/model/TransactionType.java
2026-01-07 07:21:13,869 - Knowledge - INFO - Fast-tracked /app/data/T0015/303308/b3014f1/internet-banking-ms-303308/core-banking-service/src/main/java/com/javatodev/finance/model/dto/Transaction.java (ext=.java, size=255)
2026-01-07 07:21:13,954 - Knowledge - INFO - Fast-tracked /app/data/T0015/303308/b3014f1/internet-banking-ms-303308/core-banking-service/src/main/java/com/javatodev/finance/model/AccountType.java (ext=.java, size=115)
2026-01-07 07:21:14,034 - Knowledge - INFO - Fast-tracked /app/data/T0015/303308/b3014f1/internet-banking-ms-303308/core-banking-service/src/main/java/com/javatodev/finance/exception/GlobalExceptionHandler.java (ext=.java, size=1158)
2026-01-07 07:21:14,138 - Knowledge - INFO - Fast-tracked /app/data/T0015/303308/b3014f1/internet-banking-ms-303308/core-banking-service/src/main/java/com/javatodev/finance/model/entity/UserEntity.java (ext=.java, size=574)
2026-01-07 07:21:14,247 - Knowledge - INFO - Fast-tracked /app/data/T0015/303308/b3014f1/internet-banking-ms-303308/core-banking-service/src/main/java/com/javatodev/finance/model/dto/request/FundTransferRequest.java (ext=.java, size=237)
2026-01-07 07:21:14,308 - Knowledge - INFO - Worker kw7 processing /app/data/T0015/303308/b3014f1/internet-banking-ms-303308/core-banking-service/src/main/resources/db/migration/V1.0.20210429210839__create_transaction_table.sql
2026-01-07 07:21:14,414 - Knowledge - INFO - process ingested knowledge for /app/data/T0015/303308/b3014f1/internet-banking-ms-303308/core-banking-service/src/test/java/com/javatodev/finance/CoreBankingServiceApplicationTests.java
2026-01-07 07:21:14,522 - Knowledge - INFO - Fast-tracked /app/data/T0015/303308/b3014f1/internet-banking-ms-303308/core-banking-service/src/main/resources/bootstrap.yml (ext=.yml, size=62)
2026-01-07 07:21:14,600 - Knowledge - INFO - process ingested knowledge for /app/data/T0015/303308/b3014f1/internet-banking-ms-303308/core-banking-service/src/main/java/com/javatodev/finance/repository/TransactionRepository.java
2026-01-07 07:21:14,745 - Knowledge - INFO - Worker kw11 processing /app/data/T0015/303308/b3014f1/internet-banking-ms-303308/postman_collection/BANKING_CORE_MICROSERVICES_PROJECT.postman_environment.json
2026-01-07 07:21:14,860 - Knowledge - INFO - Worker kw8 processing /app/data/T0015/303308/b3014f1/internet-banking-ms-303308/internet-banking-config-server/src/main/resources/application.yml
2026-01-07 07:21:14,971 - Knowledge - INFO - Progress: 65.1% | Files: 103/146 | Rate: 2.14 files/sec | Queue: 0
2026-01-07 07:21:14,980 - Knowledge - INFO - Processing batch of 4 files
2026-01-07 07:21:14,980 - Knowledge - INFO - [WEBSOCKET] Sent: Type=progress_update, Size: 273, Duration: 0ms
2026-01-07 07:21:15,049 - Knowledge - INFO - Worker kw4 processing /app/data/T0015/303308/b3014f1/internet-banking-ms-303308/core-banking-service/src/main/java/com/javatodev/finance/model/mapper/UtilityAccountMapper.java
2026-01-07 07:21:15,139 - Knowledge - INFO - Fast-tracked /app/data/T0015/303308/b3014f1/internet-banking-ms-303308/core-banking-service/src/main/java/com/javatodev/finance/model/TransactionType.java (ext=.java, size=107)
2026-01-07 07:21:15,224 - Knowledge - INFO - Worker kw12 processing /app/data/T0015/303308/b3014f1/internet-banking-ms-303308/core-banking-service/src/main/java/com/javatodev/finance/model/dto/UtilityAccount.java
2026-01-07 07:21:15,328 - Knowledge - INFO - Worker kw10 processing /app/data/T0015/303308/b3014f1/internet-banking-ms-303308/core-banking-service/src/main/java/com/javatodev/finance/exception/SimpleBankingGlobalException.java
2026-01-07 07:21:15,396 - Knowledge - INFO - Worker kw13 processing /app/data/T0015/303308/b3014f1/internet-banking-ms-303308/core-banking-service/src/main/java/com/javatodev/finance/exception/ErrorResponse.java
2026-01-07 07:21:15,468 - Knowledge - INFO - Worker kw5 processing /app/data/T0015/303308/b3014f1/internet-banking-ms-303308/core-banking-service/src/main/java/com/javatodev/finance/model/entity/BankAccountEntity.java
2026-01-07 07:21:15,538 - Knowledge - INFO - Worker kw9 processing /app/data/T0015/303308/b3014f1/internet-banking-ms-303308/core-banking-service/src/main/java/com/javatodev/finance/model/dto/User.java
2026-01-07 07:21:15,606 - Knowledge - INFO - Fast-tracked /app/data/T0015/303308/b3014f1/internet-banking-ms-303308/core-banking-service/src/main/resources/db/migration/V1.0.20210429210839__create_transaction_table.sql (ext=.sql, size=605)
2026-01-07 07:21:15,681 - Knowledge - INFO - process ingested knowledge for /app/data/T0015/303308/b3014f1/internet-banking-ms-303308/core-banking-service/src/test/resources/application.yml
2026-01-07 07:21:15,756 - Knowledge - INFO - Worker kw14 processing /app/data/T0015/303308/b3014f1/internet-banking-ms-303308/core-banking-service/settings.gradle
2026-01-07 07:21:15,831 - Knowledge - INFO - process ingested knowledge for /app/data/T0015/303308/b3014f1/internet-banking-ms-303308/core-banking-service/src/main/java/com/javatodev/finance/repository/UtilityAccountRepository.java
2026-01-07 07:21:15,951 - Knowledge - INFO - Fast-tracked /app/data/T0015/303308/b3014f1/internet-banking-ms-303308/postman_collection/BANKING_CORE_MICROSERVICES_PROJECT.postman_environment.json (ext=.json, size=762)
2026-01-07 07:21:16,023 - Knowledge - INFO - Fast-tracked /app/data/T0015/303308/b3014f1/internet-banking-ms-303308/internet-banking-config-server/src/main/resources/application.yml (ext=.yml, size=225)
2026-01-07 07:21:16,162 - Knowledge - INFO - process ingested knowledge for /app/data/T0015/303308/b3014f1/internet-banking-ms-303308/core-banking-service/src/main/java/com/javatodev/finance/CoreBankingServiceApplication.java
2026-01-07 07:21:16,247 - Knowledge - INFO - [WEBSOCKET] Sent: Type=unknown, Size: ?, Duration: 1268ms
2026-01-07 07:21:16,360 - Knowledge - INFO - Fast-tracked /app/data/T0015/303308/b3014f1/internet-banking-ms-303308/core-banking-service/src/main/java/com/javatodev/finance/model/mapper/UtilityAccountMapper.java (ext=.java, size=856)
2026-01-07 07:21:16,435 - Knowledge - INFO - Async storage completed for 5 embeddings
2026-01-07 07:21:16,530 - Knowledge - INFO - Fast-tracked /app/data/T0015/303308/b3014f1/internet-banking-ms-303308/core-banking-service/src/main/java/com/javatodev/finance/model/dto/UtilityAccount.java (ext=.java, size=182)
2026-01-07 07:21:16,639 - Knowledge - INFO - Fast-tracked /app/data/T0015/303308/b3014f1/internet-banking-ms-303308/core-banking-service/src/main/java/com/javatodev/finance/exception/SimpleBankingGlobalException.java (ext=.java, size=423)
2026-01-07 07:21:16,709 - Knowledge - INFO - Fast-tracked /app/data/T0015/303308/b3014f1/internet-banking-ms-303308/core-banking-service/src/main/java/com/javatodev/finance/exception/ErrorResponse.java (ext=.java, size=169)
2026-01-07 07:21:16,819 - Knowledge - INFO - Fast-tracked /app/data/T0015/303308/b3014f1/internet-banking-ms-303308/core-banking-service/src/main/java/com/javatodev/finance/model/entity/BankAccountEntity.java (ext=.java, size=750)
2026-01-07 07:21:16,941 - Knowledge - INFO - Fast-tracked /app/data/T0015/303308/b3014f1/internet-banking-ms-303308/core-banking-service/src/main/java/com/javatodev/finance/model/dto/User.java (ext=.java, size=308)
2026-01-07 07:21:17,056 - Knowledge - INFO - Worker kw7 processing /app/data/T0015/303308/b3014f1/internet-banking-ms-303308/core-banking-service/src/main/resources/db/migration/V1.0.20210427174721__temp_data.sql
2026-01-07 07:21:17,217 - Knowledge - INFO - Fast-tracked /app/data/T0015/303308/b3014f1/internet-banking-ms-303308/core-banking-service/settings.gradle (ext=.gradle, size=42)
2026-01-07 07:21:17,300 - Knowledge - INFO - process ingested knowledge for /app/data/T0015/303308/b3014f1/internet-banking-ms-303308/core-banking-service/src/main/java/com/javatodev/finance/repository/BankAccountRepository.java
2026-01-07 07:21:17,407 - Knowledge - INFO - Worker kw11 processing /app/data/T0015/303308/b3014f1/internet-banking-ms-303308/README.md
2026-01-07 07:21:17,527 - Knowledge - INFO - Worker kw8 processing /app/data/T0015/303308/b3014f1/internet-banking-ms-303308/internet-banking-config-server/settings.gradle
2026-01-07 07:21:17,640 - Knowledge - INFO - process ingested knowledge for /app/data/T0015/303308/b3014f1/internet-banking-ms-303308/core-banking-service/src/main/java/com/javatodev/finance/controller/TransactionController.java
2026-01-07 07:21:17,714 - Knowledge - INFO - Progress: 70.5% | Files: 103/146 | Rate: 2.00 files/sec | Queue: 0
2026-01-07 07:21:17,792 - Knowledge - INFO - Async storage completed for 5 embeddings
2026-01-07 07:21:17,936 - Knowledge - INFO - Worker kw12 processing /app/data/T0015/303308/b3014f1/internet-banking-ms-303308/core-banking-service/src/main/java/com/javatodev/finance/model/dto/BankAccount.java
2026-01-07 07:21:18,016 - Knowledge - INFO - Worker kw10 processing /app/data/T0015/303308/b3014f1/internet-banking-ms-303308/core-banking-service/src/main/java/com/javatodev/finance/exception/GlobalErrorCode.java
2026-01-07 07:21:18,123 - Knowledge - INFO - Worker kw13 processing /app/data/T0015/303308/b3014f1/internet-banking-ms-303308/core-banking-service/src/main/java/com/javatodev/finance/exception/EntityNotFoundException.java
2026-01-07 07:21:18,187 - Knowledge - INFO - Worker kw5 processing /app/data/T0015/303308/b3014f1/internet-banking-ms-303308/core-banking-service/src/main/java/com/javatodev/finance/model/entity/UtilityAccountEntity.java
2026-01-07 07:21:18,260 - Knowledge - INFO - Worker kw9 processing /app/data/T0015/303308/b3014f1/internet-banking-ms-303308/core-banking-service/src/main/java/com/javatodev/finance/model/dto/response/FundTransferResponse.java
2026-01-07 07:21:18,328 - Knowledge - INFO - Worker kw7 processing /app/data/T0015/303308/b3014f1/internet-banking-ms-303308/core-banking-service/src/main/resources/db/migration/V1.0.20210427174638__create_base_table_structure.sql
2026-01-07 07:21:18,401 - Knowledge - INFO - Worker kw14 processing /app/data/T0015/303308/b3014f1/internet-banking-ms-303308/core-banking-service/build.gradle
2026-01-07 07:21:18,479 - Knowledge - INFO - process ingested knowledge for /app/data/T0015/303308/b3014f1/internet-banking-ms-303308/core-banking-service/src/main/java/com/javatodev/finance/repository/UserRepository.java
2026-01-07 07:21:18,557 - Knowledge - INFO - Fast-tracked /app/data/T0015/303308/b3014f1/internet-banking-ms-303308/README.md (ext=.md, size=4502)
2026-01-07 07:21:18,625 - Knowledge - INFO - Fast-tracked /app/data/T0015/303308/b3014f1/internet-banking-ms-303308/internet-banking-config-server/settings.gradle (ext=.gradle, size=52)
2026-01-07 07:21:18,693 - Knowledge - INFO - process ingested knowledge for /app/data/T0015/303308/b3014f1/internet-banking-ms-303308/core-banking-service/src/main/java/com/javatodev/finance/controller/AccountController.java
2026-01-07 07:21:18,872 - Knowledge - INFO - Processing batch of 4 files
2026-01-07 07:21:18,978 - Knowledge - INFO - Fast-tracked /app/data/T0015/303308/b3014f1/internet-banking-ms-303308/core-banking-service/src/main/java/com/javatodev/finance/model/dto/BankAccount.java (ext=.java, size=442)
2026-01-07 07:21:19,060 - Knowledge - INFO - Fast-tracked /app/data/T0015/303308/b3014f1/internet-banking-ms-303308/core-banking-service/src/main/java/com/javatodev/finance/exception/GlobalErrorCode.java (ext=.java, size=241)
2026-01-07 07:21:19,136 - Knowledge - INFO - Fast-tracked /app/data/T0015/303308/b3014f1/internet-banking-ms-303308/core-banking-service/src/main/java/com/javatodev/finance/exception/EntityNotFoundException.java (ext=.java, size=388)
2026-01-07 07:21:19,243 - Knowledge - INFO - Fast-tracked /app/data/T0015/303308/b3014f1/internet-banking-ms-303308/core-banking-service/src/main/java/com/javatodev/finance/model/entity/UtilityAccountEntity.java (ext=.java, size=376)
2026-01-07 07:21:19,303 - Knowledge - INFO - Fast-tracked /app/data/T0015/303308/b3014f1/internet-banking-ms-303308/core-banking-service/src/main/java/com/javatodev/finance/model/dto/response/FundTransferResponse.java (ext=.java, size=246)
2026-01-07 07:21:19,369 - Knowledge - INFO - Fast-tracked /app/data/T0015/303308/b3014f1/internet-banking-ms-303308/core-banking-service/src/main/resources/db/migration/V1.0.20210427174638__create_base_table_structure.sql (ext=.sql, size=1350)
2026-01-07 07:21:19,447 - Knowledge - INFO - Fast-tracked /app/data/T0015/303308/b3014f1/internet-banking-ms-303308/core-banking-service/build.gradle (ext=.gradle, size=1507)
2026-01-07 07:21:19,603 - Knowledge - INFO - Worker kw11 processing /app/data/T0015/303308/b3014f1/internet-banking-ms-303308/internet-banking-config-server/src/test/java/com/javatodev/finance/InternetBankingConfigServerApplicationTests.java
2026-01-07 07:21:19,696 - Knowledge - INFO - Worker kw8 processing /app/data/T0015/303308/b3014f1/internet-banking-ms-303308/internet-banking-config-server/build.gradle
2026-01-07 07:21:19,830 - Knowledge - INFO - process ingested knowledge for /app/data/T0015/303308/b3014f1/internet-banking-ms-303308/core-banking-service/src/main/java/com/javatodev/finance/controller/UserController.java
2026-01-07 07:21:19,849 - Knowledge - INFO - [WEBSOCKET] Sent: Type=progress_update, Size: 273, Duration: 0ms
2026-01-07 07:21:19,856 - Knowledge - INFO - process ingested knowledge for /app/data/T0015/303308/b3014f1/internet-banking-ms-303308/core-banking-service/src/main/java/com/javatodev/finance/model/AccountStatus.java
2026-01-07 07:21:19,983 - Knowledge - INFO - Async storage completed for 4 embeddings
2026-01-07 07:21:20,071 - Knowledge - INFO - Async storage completed for 5 embeddings
2026-01-07 07:21:20,165 - Knowledge - INFO - Async storage completed for 4 embeddings
2026-01-07 07:21:20,254 - Knowledge - INFO - Async storage completed for 5 embeddings
2026-01-07 07:21:20,327 - Knowledge - INFO - Async storage completed for 5 embeddings
2026-01-07 07:21:20,403 - Knowledge - INFO - Async storage completed for 5 embeddings
2026-01-07 07:21:20,519 - Knowledge - INFO - Worker kw14 processing /app/data/T0015/303308/b3014f1/internet-banking-ms-303308/postman_collection/JAVA_TO_DEV_MICROSERVICES.postman_collection.json
2026-01-07 07:21:20,602 - Knowledge - INFO - Fast-tracked /app/data/T0015/303308/b3014f1/internet-banking-ms-303308/internet-banking-config-server/src/test/java/com/javatodev/finance/InternetBankingConfigServerApplicationTests.java (ext=.java, size=243)
2026-01-07 07:21:20,692 - Knowledge - INFO - Fast-tracked /app/data/T0015/303308/b3014f1/internet-banking-ms-303308/internet-banking-config-server/build.gradle (ext=.gradle, size=746)
2026-01-07 07:21:20,861 - Knowledge - INFO - [WEBSOCKET] Sent: Type=unknown, Size: ?, Duration: 1012ms
2026-01-07 07:21:20,984 - Knowledge - INFO - process ingested knowledge for /app/data/T0015/303308/b3014f1/internet-banking-ms-303308/core-banking-service/src/main/java/com/javatodev/finance/model/mapper/BaseMapper.java
2026-01-07 07:21:21,491 - Knowledge - INFO - Fast-tracked /app/data/T0015/303308/b3014f1/internet-banking-ms-303308/core-banking-service/src/main/resources/db/migration/V1.0.20210427174721__temp_data.sql (small file (2484 bytes))
2026-01-07 07:21:21,561 - Knowledge - INFO - Fast-tracked /app/data/T0015/303308/b3014f1/internet-banking-ms-303308/postman_collection/JAVA_TO_DEV_MICROSERVICES.postman_collection.json (ext=.json, size=10993)
2026-01-07 07:21:21,671 - Knowledge - INFO - Worker kw11 processing /app/data/T0015/303308/b3014f1/internet-banking-ms-303308/internet-banking-config-server/src/main/java/com/javatodev/finance/InternetBankingConfigServerApplication.java
2026-01-07 07:21:21,751 - Knowledge - INFO - Async storage completed for 5 embeddings
2026-01-07 07:21:21,831 - Knowledge - INFO - Progress: 73.3% | Files: 127/146 | Rate: 2.25 files/sec | Queue: 0
2026-01-07 07:21:21,832 - Knowledge - INFO - Processing batch of 4 files
2026-01-07 07:21:21,833 - Knowledge - INFO - Processing batch of 4 files
2026-01-07 07:21:21,833 - Knowledge - INFO - Processing batch of 4 files
2026-01-07 07:21:21,834 - Knowledge - INFO - Processing batch of 4 files
2026-01-07 07:21:21,834 - Knowledge - INFO - Processing batch of 4 files
2026-01-07 07:21:21,912 - Knowledge - INFO - process ingested knowledge for /app/data/T0015/303308/b3014f1/internet-banking-ms-303308/core-banking-service/src/main/java/com/javatodev/finance/model/mapper/UserMapper.java
2026-01-07 07:21:21,998 - Knowledge - INFO - Processing batch of 4 files
2026-01-07 07:21:22,067 - Knowledge - INFO - Async storage completed for 4 embeddings
2026-01-07 07:21:22,148 - Knowledge - INFO - Fast-tracked /app/data/T0015/303308/b3014f1/internet-banking-ms-303308/internet-banking-config-server/src/main/java/com/javatodev/finance/InternetBankingConfigServerApplication.java (ext=.java, size=455)
2026-01-07 07:21:22,224 - Knowledge - INFO - Processing batch of 3 files
2026-01-07 07:21:22,370 - Knowledge - INFO - process ingested knowledge for /app/data/T0015/303308/b3014f1/internet-banking-ms-303308/core-banking-service/src/main/java/com/javatodev/finance/model/entity/TransactionEntity.java
2026-01-07 07:21:22,438 - Knowledge - INFO - process ingested knowledge for /app/data/T0015/303308/b3014f1/internet-banking-ms-303308/core-banking-service/src/main/java/com/javatodev/finance/model/dto/response/UtilityPaymentResponse.java
2026-01-07 07:21:22,518 - Knowledge - INFO - process ingested knowledge for /app/data/T0015/303308/b3014f1/internet-banking-ms-303308/core-banking-service/src/main/java/com/javatodev/finance/exception/InsufficientFundsException.java
2026-01-07 07:21:22,615 - Knowledge - INFO - process ingested knowledge for /app/data/T0015/303308/b3014f1/internet-banking-ms-303308/core-banking-service/src/main/java/com/javatodev/finance/model/mapper/BankAccountMapper.java
2026-01-07 07:21:22,690 - Knowledge - INFO - process ingested knowledge for /app/data/T0015/303308/b3014f1/internet-banking-ms-303308/core-banking-service/src/main/java/com/javatodev/finance/model/dto/request/UtilityPaymentRequest.java
2026-01-07 07:21:22,790 - Knowledge - INFO - process ingested knowledge for /app/data/T0015/303308/b3014f1/internet-banking-ms-303308/core-banking-service/src/main/java/com/javatodev/finance/model/mapper/UtilityAccountMapper.java
2026-01-07 07:21:22,878 - Knowledge - INFO - process ingested knowledge for /app/data/T0015/303308/b3014f1/internet-banking-ms-303308/core-banking-service/src/main/resources/application.yml
2026-01-07 07:21:22,993 - Knowledge - INFO - Processing batch of 4 files
2026-01-07 07:21:23,100 - Knowledge - INFO - Async storage completed for 5 embeddings
2026-01-07 07:21:23,192 - Knowledge - INFO - process ingested knowledge for /app/data/T0015/303308/b3014f1/internet-banking-ms-303308/internet-banking-config-server/src/main/resources/application.yml
2026-01-07 07:21:23,260 - Knowledge - INFO - process ingested knowledge for /app/data/T0015/303308/b3014f1/internet-banking-ms-303308/core-banking-service/src/main/java/com/javatodev/finance/model/dto/Transaction.java
2026-01-07 07:21:23,361 - Knowledge - INFO - process ingested knowledge for /app/data/T0015/303308/b3014f1/internet-banking-ms-303308/core-banking-service/src/main/java/com/javatodev/finance/model/AccountType.java
2026-01-07 07:21:23,437 - Knowledge - INFO - process ingested knowledge for /app/data/T0015/303308/b3014f1/internet-banking-ms-303308/core-banking-service/src/main/java/com/javatodev/finance/exception/GlobalExceptionHandler.java
2026-01-07 07:21:23,544 - Knowledge - INFO - process ingested knowledge for /app/data/T0015/303308/b3014f1/internet-banking-ms-303308/core-banking-service/src/main/java/com/javatodev/finance/model/entity/UserEntity.java
2026-01-07 07:21:23,646 - Knowledge - INFO - process ingested knowledge for /app/data/T0015/303308/b3014f1/internet-banking-ms-303308/core-banking-service/src/main/java/com/javatodev/finance/model/dto/request/FundTransferRequest.java
2026-01-07 07:21:23,855 - Knowledge - INFO - process ingested knowledge for /app/data/T0015/303308/b3014f1/internet-banking-ms-303308/core-banking-service/src/main/resources/db/migration/V1.0.20210429210839__create_transaction_table.sql
2026-01-07 07:21:23,931 - Knowledge - INFO - process ingested knowledge for /app/data/T0015/303308/b3014f1/internet-banking-ms-303308/core-banking-service/src/main/resources/bootstrap.yml
2026-01-07 07:21:24,026 - Knowledge - INFO - [LLM_CALL] Completed: TransactionService.java:chunk1, Duration: 6158ms, PromptTokens: 2824, CompletionTokens: 838, Cost: $0.00062
2026-01-07 07:21:24,172 - Knowledge - INFO - process ingested knowledge for /app/data/T0015/303308/b3014f1/internet-banking-ms-303308/internet-banking-config-server/settings.gradle
2026-01-07 07:21:24,208 - Knowledge - INFO - process ingested knowledge for /app/data/T0015/303308/b3014f1/internet-banking-ms-303308/core-banking-service/src/main/java/com/javatodev/finance/model/dto/UtilityAccount.java
2026-01-07 07:21:24,285 - Knowledge - INFO - process ingested knowledge for /app/data/T0015/303308/b3014f1/internet-banking-ms-303308/core-banking-service/src/main/java/com/javatodev/finance/exception/SimpleBankingGlobalException.java
2026-01-07 07:21:24,360 - Knowledge - INFO - process ingested knowledge for /app/data/T0015/303308/b3014f1/internet-banking-ms-303308/core-banking-service/src/main/java/com/javatodev/finance/exception/ErrorResponse.java
2026-01-07 07:21:24,468 - Knowledge - INFO - process ingested knowledge for /app/data/T0015/303308/b3014f1/internet-banking-ms-303308/core-banking-service/src/main/java/com/javatodev/finance/model/entity/BankAccountEntity.java
2026-01-07 07:21:24,546 - Knowledge - INFO - process ingested knowledge for /app/data/T0015/303308/b3014f1/internet-banking-ms-303308/core-banking-service/src/main/java/com/javatodev/finance/model/dto/User.java
2026-01-07 07:21:24,620 - Knowledge - INFO - process ingested knowledge for /app/data/T0015/303308/b3014f1/internet-banking-ms-303308/core-banking-service/src/main/resources/db/migration/V1.0.20210427174721__temp_data.sql
2026-01-07 07:21:24,728 - Knowledge - INFO - process ingested knowledge for /app/data/T0015/303308/b3014f1/internet-banking-ms-303308/core-banking-service/settings.gradle
2026-01-07 07:21:24,812 - Knowledge - INFO - done ingest for /app/data/T0015/303308/b3014f1/internet-banking-ms-303308/core-banking-service/src/main/java/com/javatodev/finance/service/TransactionService.java
2026-01-07 07:21:24,813 - Knowledge - INFO - Processing batch of 4 files
2026-01-07 07:21:24,815 - Knowledge - INFO - [WEBSOCKET] Sent: Type=progress_update, Size: 273, Duration: 0ms
2026-01-07 07:21:24,938 - Knowledge - INFO - process ingested knowledge for /app/data/T0015/303308/b3014f1/internet-banking-ms-303308/internet-banking-config-server/build.gradle
2026-01-07 07:21:25,016 - Knowledge - INFO - process ingested knowledge for /app/data/T0015/303308/b3014f1/internet-banking-ms-303308/core-banking-service/src/main/java/com/javatodev/finance/model/dto/BankAccount.java
2026-01-07 07:21:25,104 - Knowledge - INFO - process ingested knowledge for /app/data/T0015/303308/b3014f1/internet-banking-ms-303308/core-banking-service/src/main/java/com/javatodev/finance/exception/GlobalErrorCode.java
2026-01-07 07:21:25,193 - Knowledge - INFO - process ingested knowledge for /app/data/T0015/303308/b3014f1/internet-banking-ms-303308/core-banking-service/src/main/java/com/javatodev/finance/exception/EntityNotFoundException.java
2026-01-07 07:21:25,276 - Knowledge - INFO - process ingested knowledge for /app/data/T0015/303308/b3014f1/internet-banking-ms-303308/core-banking-service/src/main/java/com/javatodev/finance/model/entity/UtilityAccountEntity.java
2026-01-07 07:21:25,355 - Knowledge - INFO - process ingested knowledge for /app/data/T0015/303308/b3014f1/internet-banking-ms-303308/core-banking-service/src/main/java/com/javatodev/finance/model/dto/response/FundTransferResponse.java
2026-01-07 07:21:25,429 - Knowledge - INFO - process ingested knowledge for /app/data/T0015/303308/b3014f1/internet-banking-ms-303308/core-banking-service/src/main/resources/db/migration/V1.0.20210427174638__create_base_table_structure.sql
2026-01-07 07:21:25,510 - Knowledge - INFO - process ingested knowledge for /app/data/T0015/303308/b3014f1/internet-banking-ms-303308/core-banking-service/build.gradle
2026-01-07 07:21:25,651 - Knowledge - INFO - process ingested knowledge for /app/data/T0015/303308/b3014f1/internet-banking-ms-303308/postman_collection/BANKING_CORE_MICROSERVICES_PROJECT.postman_environment.json
2026-01-07 07:21:25,721 - Knowledge - INFO - Processing batch of 4 files
2026-01-07 07:21:25,721 - Knowledge - INFO - [WEBSOCKET] Sent: Type=unknown, Size: ?, Duration: 906ms
2026-01-07 07:21:26,594 - Knowledge - INFO - process ingested knowledge for /app/data/T0015/303308/b3014f1/internet-banking-ms-303308/postman_collection/JAVA_TO_DEV_MICROSERVICES.postman_collection.json
2026-01-07 07:21:26,694 - Knowledge - INFO - process ingested knowledge for /app/data/T0015/303308/b3014f1/internet-banking-ms-303308/core-banking-service/src/main/java/com/javatodev/finance/service/UserService.java
2026-01-07 07:21:26,762 - Knowledge - INFO - process ingested knowledge for /app/data/T0015/303308/b3014f1/internet-banking-ms-303308/README.md
2026-01-07 07:21:26,779 - Knowledge - INFO - Progress: 97.3% | Files: 146/146 | Rate: 2.38 files/sec | Queue: 0
2026-01-07 07:21:27,112 - Knowledge - INFO - process ingested knowledge for /app/data/T0015/303308/b3014f1/internet-banking-ms-303308/internet-banking-config-server/src/test/java/com/javatodev/finance/InternetBankingConfigServerApplicationTests.java
2026-01-07 07:21:27,114 - Knowledge - INFO - process ingested knowledge for /app/data/T0015/303308/b3014f1/internet-banking-ms-303308/core-banking-service/src/main/java/com/javatodev/finance/service/AccountService.java
2026-01-07 07:21:27,330 - Knowledge - INFO - process ingested knowledge for /app/data/T0015/303308/b3014f1/internet-banking-ms-303308/internet-banking-config-server/src/main/java/com/javatodev/finance/InternetBankingConfigServerApplication.java
2026-01-07 07:21:27,394 - Knowledge - INFO - process ingested knowledge for /app/data/T0015/303308/b3014f1/internet-banking-ms-303308/core-banking-service/src/main/java/com/javatodev/finance/service/TransactionService.java
2026-01-07 07:21:27,603 - Knowledge - INFO - process ingested knowledge for /app/data/T0015/303308/b3014f1/internet-banking-ms-303308/core-banking-service/src/main/java/com/javatodev/finance/model/TransactionType.java
2026-01-07 07:21:28,084 - Knowledge - INFO - [WEBSOCKET] Sent: Type=progress_update, Size: 271, Duration: 0ms
2026-01-07 07:21:28,231 - Knowledge - INFO - [WEBSOCKET] Sent: Type=unknown, Size: ?, Duration: 147ms
2026-01-07 07:21:28,423 - Knowledge - INFO - Progress: 100.0% | Files: 146/146 | Rate: 2.26 files/sec | Queue: 0
2026-01-07 07:21:28,580 - Knowledge - INFO - Knowledge creation complete
2026-01-07 07:21:28,803 - Knowledge - INFO - ==================================================
2026-01-07 07:21:28,975 - Knowledge - INFO - KNOWLEDGE GRAPH GENERATION PERFORMANCE SUMMARY
2026-01-07 07:21:29,132 - Knowledge - INFO - ==================================================
2026-01-07 07:21:29,324 - Knowledge - INFO - Total processing time: 65.22 seconds (1.09 minutes)
2026-01-07 07:21:29,528 - Knowledge - INFO - Files processed: 0
2026-01-07 07:21:29,681 - Knowledge - INFO - Processing rate: 0.00 files/second
2026-01-07 07:21:29,886 - Knowledge - INFO - 
[TIME_BREAKDOWN]
2026-01-07 07:21:30,030 - Knowledge - INFO - File Reading: 0.00s (0.0%)
2026-01-07 07:21:30,174 - Knowledge - INFO - LLM Processing: 12.74s (19.5%)
2026-01-07 07:21:30,361 - Knowledge - INFO - MongoDB Operations: 0.00s (0.0%)
2026-01-07 07:21:30,585 - Knowledge - INFO - Redis Operations: 0.00s (0.0%)
2026-01-07 07:21:30,752 - Knowledge - INFO - WebSocket Communication: 16.56s (25.4%)
2026-01-07 07:21:30,913 - Knowledge - INFO - Other Overhead: 35.92s (55.1%)
2026-01-07 07:21:31,056 - Knowledge - INFO - 
[LLM_STATS]
2026-01-07 07:21:31,211 - Knowledge - INFO - Total LLM calls: 2
2026-01-07 07:21:31,372 - Knowledge - INFO - Average LLM response time: 6369ms
2026-01-07 07:21:31,542 - Knowledge - INFO - Average prompt tokens: 2718.0
2026-01-07 07:21:31,718 - Knowledge - INFO - Average completion tokens: 749.5
2026-01-07 07:21:31,870 - Knowledge - INFO - Total prompt tokens: 5436
2026-01-07 07:21:32,020 - Knowledge - INFO - Total completion tokens: 1499
2026-01-07 07:21:32,196 - Knowledge - INFO - Total LLM cost: $0.0011
2026-01-07 07:21:32,406 - Knowledge - INFO - 
[DATABASE_STATS]
2026-01-07 07:21:32,574 - Knowledge - INFO - MongoDB operations: 0
2026-01-07 07:21:32,730 - Knowledge - INFO - Redis operations: 0
2026-01-07 07:21:32,887 - Knowledge - INFO - 
[COMMUNICATION_STATS]
2026-01-07 07:21:33,024 - Knowledge - INFO - WebSocket messages sent: 24
2026-01-07 07:21:33,232 - Knowledge - INFO - Average message size: 145.5 bytes
2026-01-07 07:21:33,382 - Knowledge - INFO - 
[WORKER_STATS]
2026-01-07 07:21:33,594 - Knowledge - INFO - 
[FILE_TYPE_STATS]
2026-01-07 07:21:33,786 - Knowledge - INFO - 
[SLOWEST_FILES]
2026-01-07 07:21:33,994 - Knowledge - INFO - ==================================================
2026-01-07 07:21:34,147 - Knowledge - INFO - ==================================================
2026-01-07 07:21:34,333 - Knowledge - INFO - KNOWLEDGE GRAPH GENERATION PERFORMANCE SUMMARY
2026-01-07 07:21:34,487 - Knowledge - INFO - ==================================================
2026-01-07 07:21:34,656 - Knowledge - INFO - Total processing time: 70.62 seconds (1.18 minutes)
2026-01-07 07:21:34,829 - Knowledge - INFO - Files processed: 146 of 146
2026-01-07 07:21:35,017 - Knowledge - INFO - Processing rate: 2.07 files/second
2026-01-07 07:21:35,185 - Knowledge - INFO - WebSocket messages sent: 12
2026-01-07 07:21:35,367 - Knowledge - INFO - MongoDB operations: 146
2026-01-07 07:21:35,537 - Knowledge - INFO - Average MongoDB ops per file: 1.00
2026-01-07 07:21:35,715 - Knowledge - INFO - LLM costs: $0.0011
2026-01-07 07:21:35,884 - Knowledge - INFO - Prompt tokens: 5436
2026-01-07 07:21:36,073 - Knowledge - INFO - Completion tokens: 1499
2026-01-07 07:21:36,258 - Knowledge - INFO - Updating org costs, total cost: 0.0011432
2026-01-07 07:21:37,639 - Knowledge - INFO - [WEBSOCKET] Sent: Type=progress_update, Size: 268, Duration: 0ms
2026-01-07 07:21:37,836 - Knowledge - INFO - Saving knowledge to Redis...
2026-01-07 07:21:38,149 - Knowledge - INFO - Knowledge saved to Redis successfully
